<mods xmlns:xlink="http://www.w3.org/1999/xlink" xmlns:exslt="http://exslt.org/common" xmlns:xsi="http://www.w3.org/2001/XMLSchema-instance" xmlns="http://www.loc.gov/mods/v3" version="3.3" xsi:schemaLocation="http://www.loc.gov/mods/v3 http://www.loc.gov/standards/mods/v3/mods-3-3.xsd" ID="P0b002ee1d1f78787">
    <name type="corporate">
         <namePart>United States Government Publishing Office</namePart>
         <role>
              <roleTerm authority="marcrelator" type="text">publisher</roleTerm>
              <roleTerm authority="marcrelator" type="code">pbl</roleTerm>
        </role>
         <role>
              <roleTerm authority="marcrelator" type="text">distributor</roleTerm>
              <roleTerm authority="marcrelator" type="code">dst</roleTerm>
        </role>
    </name>
    <name type="corporate">
         <namePart>United States</namePart>
         <namePart>Congress</namePart>
         <role>
              <roleTerm authority="marcrelator" type="text">author</roleTerm>
              <roleTerm authority="marcrelator" type="code">aut</roleTerm>
        </role>
         <description>Government Organization</description>
    </name>
    <typeOfResource>text</typeOfResource>
    <genre authority="marcgt">government publication</genre>
    <language>
         <languageTerm type="code" authority="iso639-2b">eng</languageTerm>
    </language>
    <extension>
         <collectionCode>CHRG</collectionCode>
         <category>Congressional Committee Materials</category>
         <branch>legislative</branch>
         <dateIngested>2025-04-23</dateIngested>
    </extension>
    <titleInfo>
         <title>Contesting Russia:  Lessons from Central and Eastern Europe</title>
    </titleInfo>
    <titleInfo type="alternative"></titleInfo>
    <location>
         <url displayLabel="Content Detail" access="object in context">https://www.govinfo.gov/app/details/CHRG-118jhrg57134</url>
         <url displayLabel="HTML rendition" access="raw object">https://www.govinfo.gov/content/pkg/CHRG-118jhrg57134/html/CHRG-118jhrg57134.htm</url>
         <url displayLabel="PDF rendition" access="raw object">https://www.govinfo.gov/content/pkg/CHRG-118jhrg57134/pdf/CHRG-118jhrg57134.pdf</url>
    </location>
    <originInfo>
         <publisher>U.S. Government Publishing Office</publisher>
         <dateIssued encoding="w3cdtf">2024-10-23</dateIssued>
         <issuance>monographic</issuance>
    </originInfo>
    <physicalDescription>
         <note type="source content type">deposited</note>
         <digitalOrigin>born digital</digitalOrigin>
         <extent>30 digital object pages</extent>
    </physicalDescription>
    <classification authority="sudocs">Y 4.SE 2:</classification>
    <identifier type="uri">https://www.govinfo.gov/app/details/CHRG-118jhrg57134</identifier>
    <identifier type="local">P0b002ee1d1f78787</identifier>
    <identifier type="former package identifier">f:57134.txt</identifier>
    <recordInfo>
         <recordContentSource authority="marcorg">DGPO</recordContentSource>
         <recordCreationDate encoding="w3cdtf">2025-04-23</recordCreationDate>
         <recordChangeDate encoding="w3cdtf">2025-04-23</recordChangeDate>
         <recordIdentifier source="DGPO">CHRG-118jhrg57134</recordIdentifier>
         <recordOrigin>machine generated</recordOrigin>
         <languageOfCataloging>
              <languageTerm type="code" authority="iso639-2b">eng</languageTerm>
        </languageOfCataloging>
    </recordInfo>
    <accessCondition type="GPO scope determination">fdlp</accessCondition>
    <extension>
         <docClass>JHRG</docClass>
         <accessId>CHRG-118jhrg57134</accessId>
         <type>G</type>
         <chamber>JOINT</chamber>
         <congress years="2023-2024">118</congress>
         <session>2</session>
         <heldDate>2024-10-23</heldDate>
    </extension>
    <extension>
         <searchTitle>Contesting Russia:  Lessons from Central and Eastern Europe</searchTitle>
         <granuleClass>OTHERPART</granuleClass>
         <accessId>CHRG-118jhrg57134</accessId>
         <graphicsInPDF>true</graphicsInPDF>
         <textInPDF>true</textInPDF>
         <isAppropriation>false</isAppropriation>
         <jacketId>57-134</jacketId>
         <congCommittee authorityId="jcse00" chamber="J" congress="118" type="C">
                                    
              <name type="authority-standard">Commission on Security and Cooperation in Europe</name>
                                    
              <name type="authority-short">Commission on Security and Cooperation in Europe (U.S. Helsinki Commission)</name>
                                
        </congCommittee>
         <isNomination>false</isNomination>
         <isErrata>false</isErrata>
    </extension>
    <name type="corporate">
         <namePart>United States</namePart>
         <namePart>Congress</namePart>
         <namePart></namePart>
         <namePart>Commission on Security and Cooperation in Europe</namePart>
         <role>
              <roleTerm authority="marcrelator" type="text">associated name</roleTerm>
              <roleTerm authority="marcrelator" type="code">asn</roleTerm>
        </role>
         <description>Government Organization</description>
    </name>
    <relatedItem type="isReferencedBy">
         <identifier type="Jacket citation"></identifier>
    </relatedItem>
</mods>