<?xml version="1.0" encoding="UTF-8"?><mets xmlns="http://www.loc.gov/METS/" xmlns:utils="xalan://gov.gpo.fdsys.utils" xmlns:datetime="http://exslt.org/dates-and-times" xmlns:xalan="http://xml.apache.org/xalan" xmlns:xsi="http://www.w3.org/2001/XMLSchema-instance" xmlns:xlink="http://www.w3.org/1999/xlink" xsi:schemaLocation="http://www.loc.gov/METS/ http://www.loc.gov/standards/mets/mets.xsd" ID="P0b002ee1d200468e" LABEL="BREAKING THE LOGJAM PART 3: RESTORING TRANSPARENCY AND ACCOUNTABILITY IN THE ACCOMMODATION PROCESS" OBJID="CHRG-118shrg53881">
<metsHdr CREATEDATE="2025-04-24T14:12:05Z" LASTMODDATE="2025-04-24T14:12:05Z">
<agent ROLE="CREATOR" TYPE="ORGANIZATION">
<name>United States Government Publishing Office</name>
</agent>
</metsHdr>
<dmdSec ID="descriptive-metadata-mods-id-53881">
<mdRef ID="id-53881" MIMETYPE="text/xml" XPTR="/mods/relatedItem[@ID='id-53881']" LOCTYPE="URL" xlink:href="file://mods.xml" MDTYPE="MODS"/>
</dmdSec>
<amdSec>
<digiprovMD ID="provenance-metadata-premis">
<mdRef MIMETYPE="text/xml" LOCTYPE="URL" xlink:href="file://premis.xml" MDTYPE="PREMIS"/>
</digiprovMD>
</amdSec>
<fileSec><fileGrp USE="text/html"><file ID="FID1" MIMETYPE="text/html" SIZE="56119" DMDID="id-53881">
<FLocat LOCTYPE="URL" xlink:href="file://html/CHRG-118shrg53881.htm"/>
<FLocat LOCTYPE="URL" xlink:href="https://www.govinfo.gov/content/pkg/CHRG-118shrg53881/html/CHRG-118shrg53881.htm"/>
</file></fileGrp><fileGrp USE="application/pdf"><file ID="FID2" MIMETYPE="application/pdf" SIZE="32393349" DMDID="id-53881">
<FLocat LOCTYPE="URL" xlink:href="file://pdf/CHRG-118shrg53881.pdf"/>
<FLocat LOCTYPE="URL" xlink:href="https://www.govinfo.gov/content/pkg/CHRG-118shrg53881/pdf/CHRG-118shrg53881.pdf"/>
</file></fileGrp></fileSec>
<structMap>
<div>
<div DMDID="id-53881" ADMID="provenance-metadata-premis">
<fptr FILEID="FID1"/>
</div>
<div DMDID="id-53881" ADMID="provenance-metadata-premis">
<fptr FILEID="FID2"/>
</div>
</div>
</structMap>
</mets>
