<?xml version="1.0" encoding="UTF-8"?><mets xmlns="http://www.loc.gov/METS/" xmlns:utils="xalan://gov.gpo.fdsys.utils" xmlns:datetime="http://exslt.org/dates-and-times" xmlns:xalan="http://xml.apache.org/xalan" xmlns:xsi="http://www.w3.org/2001/XMLSchema-instance" xmlns:xlink="http://www.w3.org/1999/xlink" xsi:schemaLocation="http://www.loc.gov/METS/ http://www.loc.gov/standards/mets/mets.xsd" ID="P0b002ee1cfdd79c9" LABEL="OVERSIGHT HEARING ON EXAMINING THE PRESIDENT'S FY 2025 BUDGET REQUEST FOR THE U.S. FOREST SERVICE" OBJID="CHRG-118hhrg55911">
<metsHdr CREATEDATE="2025-02-12T16:39:06Z" LASTMODDATE="2025-02-12T16:39:06Z">
<agent ROLE="CREATOR" TYPE="ORGANIZATION">
<name>United States Government Publishing Office</name>
</agent>
</metsHdr>
<dmdSec ID="descriptive-metadata-mods-id-55911">
<mdRef ID="id-55911" MIMETYPE="text/xml" XPTR="/mods/relatedItem[@ID='id-55911']" LOCTYPE="URL" xlink:href="file://mods.xml" MDTYPE="MODS"/>
</dmdSec>
<amdSec>
<digiprovMD ID="provenance-metadata-premis">
<mdRef MIMETYPE="text/xml" LOCTYPE="URL" xlink:href="file://premis.xml" MDTYPE="PREMIS"/>
</digiprovMD>
</amdSec>
<fileSec><fileGrp USE="text/html"><file ID="FID1" MIMETYPE="text/html" SIZE="183771" DMDID="id-55911">
<FLocat LOCTYPE="URL" xlink:href="file://html/CHRG-118hhrg55911.htm"/>
<FLocat LOCTYPE="URL" xlink:href="https://www.govinfo.gov/content/pkg/CHRG-118hhrg55911/html/CHRG-118hhrg55911.htm"/>
</file></fileGrp><fileGrp USE="application/pdf"><file ID="FID2" MIMETYPE="application/pdf" SIZE="2184975" DMDID="id-55911">
<FLocat LOCTYPE="URL" xlink:href="file://pdf/CHRG-118hhrg55911.pdf"/>
<FLocat LOCTYPE="URL" xlink:href="https://www.govinfo.gov/content/pkg/CHRG-118hhrg55911/pdf/CHRG-118hhrg55911.pdf"/>
</file></fileGrp></fileSec>
<structMap>
<div>
<div DMDID="id-55911" ADMID="provenance-metadata-premis">
<fptr FILEID="FID1"/>
</div>
<div DMDID="id-55911" ADMID="provenance-metadata-premis">
<fptr FILEID="FID2"/>
</div>
</div>
</structMap>
</mets>
