<mods xmlns:xlink="http://www.w3.org/1999/xlink" xmlns:exslt="http://exslt.org/common" xmlns:xsi="http://www.w3.org/2001/XMLSchema-instance" xmlns="http://www.loc.gov/mods/v3" version="3.3" xsi:schemaLocation="http://www.loc.gov/mods/v3 http://www.loc.gov/standards/mods/v3/mods-3-3.xsd" ID="P0b002ee1cfdd79c9">
    <name type="corporate">
         <namePart>United States Government Publishing Office</namePart>
         <role>
              <roleTerm authority="marcrelator" type="text">publisher</roleTerm>
              <roleTerm authority="marcrelator" type="code">pbl</roleTerm>
        </role>
         <role>
              <roleTerm authority="marcrelator" type="text">distributor</roleTerm>
              <roleTerm authority="marcrelator" type="code">dst</roleTerm>
        </role>
    </name>
    <name type="corporate">
         <namePart>United States</namePart>
         <namePart>Congress</namePart>
         <namePart>House of Representatives</namePart>
         <role>
              <roleTerm authority="marcrelator" type="text">author</roleTerm>
              <roleTerm authority="marcrelator" type="code">aut</roleTerm>
        </role>
         <description>Government Organization</description>
    </name>
    <typeOfResource>text</typeOfResource>
    <genre authority="marcgt">government publication</genre>
    <language>
         <languageTerm type="code" authority="iso639-2b">eng</languageTerm>
    </language>
    <extension>
         <collectionCode>CHRG</collectionCode>
         <category>Congressional Committee Materials</category>
         <waisDatabaseName>118_house_hearings</waisDatabaseName>
         <branch>legislative</branch>
         <dateIngested>2025-02-12</dateIngested>
    </extension>
    <titleInfo>
         <title>OVERSIGHT HEARING ON EXAMINING THE PRESIDENT&apos;S FY 2025 BUDGET REQUEST FOR THE U.S. FOREST SERVICE</title>
    </titleInfo>
    <titleInfo type="alternative"></titleInfo>
    <location>
         <url displayLabel="Content Detail" access="object in context">https://www.govinfo.gov/app/details/CHRG-118hhrg55911</url>
         <url displayLabel="HTML rendition" access="raw object">https://www.govinfo.gov/content/pkg/CHRG-118hhrg55911/html/CHRG-118hhrg55911.htm</url>
         <url displayLabel="PDF rendition" access="raw object">https://www.govinfo.gov/content/pkg/CHRG-118hhrg55911/pdf/CHRG-118hhrg55911.pdf</url>
    </location>
    <originInfo>
         <publisher>U.S. Government Publishing Office</publisher>
         <dateIssued encoding="w3cdtf">2024-06-04</dateIssued>
         <issuance>monographic</issuance>
    </originInfo>
    <physicalDescription>
         <note type="source content type">deposited</note>
         <digitalOrigin>born digital</digitalOrigin>
         <extent>56 digital object pages</extent>
    </physicalDescription>
    <classification authority="sudocs">Y 4.R 31/3:</classification>
    <identifier type="uri">https://www.govinfo.gov/app/details/CHRG-118hhrg55911</identifier>
    <identifier type="local">P0b002ee1cfdd79c9</identifier>
    <identifier type="former package identifier">f:55911.txt</identifier>
    <recordInfo>
         <recordContentSource authority="marcorg">DGPO</recordContentSource>
         <recordCreationDate encoding="w3cdtf">2025-02-12</recordCreationDate>
         <recordChangeDate encoding="w3cdtf">2025-02-12</recordChangeDate>
         <recordIdentifier source="DGPO">CHRG-118hhrg55911</recordIdentifier>
         <recordOrigin>machine generated</recordOrigin>
         <languageOfCataloging>
              <languageTerm type="code" authority="iso639-2b">eng</languageTerm>
        </languageOfCataloging>
    </recordInfo>
    <accessCondition type="GPO scope determination">fdlp</accessCondition>
    <extension>
         <docClass>HHRG</docClass>
         <accessId>CHRG-118hhrg55911</accessId>
         <type>O</type>
         <chamber>HOUSE</chamber>
         <congress years="2023-2024">118</congress>
         <session>2</session>
         <heldDate>2024-06-04</heldDate>
         <preferredCitation>Serial No. 118-127</preferredCitation>
    </extension>
    <extension>
         <searchTitle>OVERSIGHT HEARING ON EXAMINING THE PRESIDENT&apos;S FY 2025 BUDGET REQUEST FOR THE U.S. FOREST SERVICE</searchTitle>
         <granuleClass>OTHERPART</granuleClass>
         <accessId>CHRG-118hhrg55911</accessId>
         <graphicsInPDF>true</graphicsInPDF>
         <witness>Moore, Randy, Chief, U.S. Forest Service, U.S. Department of Agriculture, Washington, DC</witness>
         <isAppropriation>false</isAppropriation>
         <congSerial chamber="H" congress="118" number="127"></congSerial>
         <jacketId>55-911</jacketId>
         <congCommittee authorityId="hsii00" chamber="H" congress="118" type="S">
                                    
              <name type="authority-standard">Committee on Natural Resources</name>
                                    
              <name type="authority-short">Natural Resources</name>
                                    
              <subCommittee>
                                            
                   <name type="parsed">Subcommittee on Federal Lands</name>
                                        
            </subCommittee>
                                
        </congCommittee>
         <law congress="116" isPrivate="false" number="152"></law>
         <law congress="117" isPrivate="false" number="58"></law>
         <law congress="117" isPrivate="false" number="169"></law>
         <USCode title="16">
                                    
              <section number="52"></section>
                                
        </USCode>
         <bill congress="118" context="BODY" number="1567" type="HR"></bill>
         <isNomination>false</isNomination>
         <isErrata>false</isErrata>
    </extension>
    <name type="corporate">
         <namePart>United States</namePart>
         <namePart>Congress</namePart>
         <namePart>House of Representatives</namePart>
         <namePart>Committee on Natural Resources</namePart>
         <role>
              <roleTerm authority="marcrelator" type="text">associated name</roleTerm>
              <roleTerm authority="marcrelator" type="code">asn</roleTerm>
        </role>
         <description>Government Organization</description>
    </name>
    <name type="personal">
         <namePart>Moore, Randy, Chief, U.S. Forest Service, U.S. Department of Agriculture, Washington, DC</namePart>
         <role>
              <roleTerm authority="marcrelator" type="text">witness</roleTerm>
              <roleTerm authority="marcrelator" type="code">wit</roleTerm>
        </role>
         <description>Hearing Witness</description>
    </name>
    <relatedItem type="isReferencedBy">
         <identifier type="Jacket citation"></identifier>
    </relatedItem>
    <relatedItem type="isReferencedBy">
         <titleInfo>
              <title>United States House Bill 1567 (118th Congress)</title>
        </titleInfo>
         <identifier type="Congressional Bill citation">H.R. 1567</identifier>
         <extension>
              <congress>118</congress>
              <context>BODY</context>
        </extension>
    </relatedItem>
    <relatedItem type="isReferencedBy">
         <titleInfo>
              <title>United States Code</title>
              <partNumber>Title 16 Section 52</partNumber>
        </titleInfo>
         <identifier type="USC citation">16 U.S.C. 52</identifier>
    </relatedItem>
    <relatedItem type="isReferencedBy">
         <titleInfo>
              <title>United States Public Law 152 (116th Congress)</title>
        </titleInfo>
         <identifier type="public law citation">Public Law 116-152</identifier>
         <identifier type="public law citation">Public Law No 116-152</identifier>
    </relatedItem>
    <relatedItem type="isReferencedBy">
         <titleInfo>
              <title>United States Public Law 58 (117th Congress)</title>
        </titleInfo>
         <identifier type="public law citation">Public Law 117-58</identifier>
         <identifier type="public law citation">Public Law No 117-58</identifier>
    </relatedItem>
    <relatedItem type="isReferencedBy">
         <titleInfo>
              <title>United States Public Law 169 (117th Congress)</title>
        </titleInfo>
         <identifier type="public law citation">Public Law 117-169</identifier>
         <identifier type="public law citation">Public Law No 117-169</identifier>
    </relatedItem>
    <relatedItem type="isReferencedBy">
         <titleInfo>
              <title>United States Congress Serial Number 127 (118th Congress)</title>
        </titleInfo>
         <identifier type="congressional serial number">Serial No. 118-127</identifier>
    </relatedItem>
</mods>