<mods xmlns:xlink="http://www.w3.org/1999/xlink" xmlns:exslt="http://exslt.org/common" xmlns:xsi="http://www.w3.org/2001/XMLSchema-instance" xmlns="http://www.loc.gov/mods/v3" version="3.3" xsi:schemaLocation="http://www.loc.gov/mods/v3 http://www.loc.gov/standards/mods/v3/mods-3-3.xsd" ID="P0b002ee1c68dfb8a">
    <name type="corporate">
         <namePart>United States Government Publishing Office</namePart>
         <role>
              <roleTerm authority="marcrelator" type="text">publisher</roleTerm>
              <roleTerm authority="marcrelator" type="code">pbl</roleTerm>
        </role>
         <role>
              <roleTerm authority="marcrelator" type="text">distributor</roleTerm>
              <roleTerm authority="marcrelator" type="code">dst</roleTerm>
        </role>
    </name>
    <name type="corporate">
         <namePart>United States</namePart>
         <namePart>Congress</namePart>
         <namePart>House of Representatives</namePart>
         <role>
              <roleTerm authority="marcrelator" type="text">author</roleTerm>
              <roleTerm authority="marcrelator" type="code">aut</roleTerm>
        </role>
         <description>Government Organization</description>
    </name>
    <typeOfResource>text</typeOfResource>
    <genre authority="marcgt">government publication</genre>
    <language>
         <languageTerm type="code" authority="iso639-2b">eng</languageTerm>
    </language>
    <extension>
         <collectionCode>CHRG</collectionCode>
         <category>Congressional Committee Materials</category>
         <waisDatabaseName>118_house_hearings</waisDatabaseName>
         <branch>legislative</branch>
         <dateIngested>2024-04-30</dateIngested>
    </extension>
    <titleInfo>
         <title>[ERRATA] UNLEASHING AMERICA&apos;S OPPORTUNITIES FOR HIRING AND EMPLOYMENT</title>
    </titleInfo>
    <titleInfo type="alternative"></titleInfo>
    <location>
         <url displayLabel="Content Detail" access="object in context">https://www.govinfo.gov/app/details/CHRG-118hhrg55044</url>
         <url displayLabel="HTML rendition" access="raw object">https://www.govinfo.gov/content/pkg/CHRG-118hhrg55044/html/CHRG-118hhrg55044.htm</url>
         <url displayLabel="PDF rendition" access="raw object">https://www.govinfo.gov/content/pkg/CHRG-118hhrg55044/pdf/CHRG-118hhrg55044.pdf</url>
    </location>
    <originInfo>
         <publisher>U.S. Government Publishing Office</publisher>
         <dateIssued encoding="w3cdtf">2023-03-28</dateIssued>
         <issuance>monographic</issuance>
    </originInfo>
    <physicalDescription>
         <note type="source content type">deposited</note>
         <digitalOrigin>born digital</digitalOrigin>
         <extent>2 digital object pages</extent>
    </physicalDescription>
    <classification authority="sudocs">Y 4.ED 8/1:118-2/ERRATA</classification>
    <identifier type="uri">https://www.govinfo.gov/app/details/CHRG-118hhrg55044</identifier>
    <identifier type="local">P0b002ee1c68dfb8a</identifier>
    <identifier type="ILS system id">001250823</identifier>
    <identifier type="former package identifier">f:55044.txt</identifier>
    <recordInfo>
         <recordContentSource authority="marcorg">DGPO</recordContentSource>
         <recordCreationDate encoding="w3cdtf">2024-04-30</recordCreationDate>
         <recordChangeDate encoding="w3cdtf">2024-04-30</recordChangeDate>
         <recordIdentifier source="DGPO">CHRG-118hhrg55044</recordIdentifier>
         <recordOrigin>machine generated</recordOrigin>
         <languageOfCataloging>
              <languageTerm type="code" authority="iso639-2b">eng</languageTerm>
        </languageOfCataloging>
    </recordInfo>
    <accessCondition type="GPO scope determination">fdlp</accessCondition>
    <extension>
         <docClass>HHRG</docClass>
         <accessId>CHRG-118hhrg55044</accessId>
         <type>G</type>
         <chamber>HOUSE</chamber>
         <congress>118</congress>
         <session>1</session>
         <heldDate>2023-03-28</heldDate>
         <preferredCitation>Serial No. 118-2</preferredCitation>
    </extension>
    <extension>
         <searchTitle>[ERRATA] UNLEASHING AMERICA&apos;S OPPORTUNITIES FOR HIRING AND EMPLOYMENT</searchTitle>
         <granuleClass>ERRATA</granuleClass>
         <accessId>CHRG-118hhrg55044</accessId>
         <errataNumber>1</errataNumber>
         <errata marked="true">The serial number for hearing title: UNLEASHING AMERICA&apos;S OPPORTUNITIES FOR HIRING AND EMPLOYMENT was printed incorrectly as Serial Number 118-2 the correct Serial Number 118-3.</errata>
         <isAppropriation>false</isAppropriation>
         <congSerial chamber="H" congress="118" number="2"></congSerial>
         <congSerial chamber="H" congress="118" number="2"></congSerial>
         <congSerial chamber="H" congress="118" number="3"></congSerial>
         <jacketId>55-044</jacketId>
         <congCommittee authorityId="hsed00" chamber="H" congress="118" type="S">
                                    
              <name type="authority-standard">Committee on Education and the Workforce</name>
                                    
              <name type="authority-short">Education and the Workforce</name>
                                
        </congCommittee>
         <isNomination>false</isNomination>
         <isErrata>true</isErrata>
    </extension>
    <name type="corporate">
         <namePart>United States</namePart>
         <namePart>Congress</namePart>
         <namePart>House of Representatives</namePart>
         <namePart>Committee on Education and the Workforce</namePart>
         <role>
              <roleTerm authority="marcrelator" type="text">associated name</roleTerm>
              <roleTerm authority="marcrelator" type="code">asn</roleTerm>
        </role>
         <description>Government Organization</description>
    </name>
    <relatedItem type="isReferencedBy">
         <identifier type="Jacket citation"></identifier>
    </relatedItem>
    <relatedItem type="isReferencedBy">
         <titleInfo>
              <title>United States Congress Serial Number 2 (118th Congress)</title>
        </titleInfo>
         <identifier type="congressional serial number">Serial No. 118-2</identifier>
    </relatedItem>
    <relatedItem type="isReferencedBy">
         <titleInfo>
              <title>United States Congress Serial Number 2 (118th Congress)</title>
        </titleInfo>
         <identifier type="congressional serial number">Serial No. 118-2</identifier>
    </relatedItem>
    <relatedItem type="isReferencedBy">
         <titleInfo>
              <title>United States Congress Serial Number 3 (118th Congress)</title>
        </titleInfo>
         <identifier type="congressional serial number">Serial No. 118-3</identifier>
    </relatedItem>
</mods>