<mods xmlns:xlink="http://www.w3.org/1999/xlink" xmlns:exslt="http://exslt.org/common" xmlns:xsi="http://www.w3.org/2001/XMLSchema-instance" xmlns="http://www.loc.gov/mods/v3" version="3.3" xsi:schemaLocation="http://www.loc.gov/mods/v3 http://www.loc.gov/standards/mods/v3/mods-3-3.xsd" ID="P0b002ee1d20e65b8">
    <name type="corporate">
         <namePart>United States Government Publishing Office</namePart>
         <role>
              <roleTerm authority="marcrelator" type="text">publisher</roleTerm>
              <roleTerm authority="marcrelator" type="code">pbl</roleTerm>
        </role>
         <role>
              <roleTerm authority="marcrelator" type="text">distributor</roleTerm>
              <roleTerm authority="marcrelator" type="code">dst</roleTerm>
        </role>
    </name>
    <name type="corporate">
         <namePart>United States</namePart>
         <namePart>Congress</namePart>
         <namePart>House of Representatives</namePart>
         <role>
              <roleTerm authority="marcrelator" type="text">author</roleTerm>
              <roleTerm authority="marcrelator" type="code">aut</roleTerm>
        </role>
         <description>Government Organization</description>
    </name>
    <typeOfResource>text</typeOfResource>
    <genre authority="marcgt">government publication</genre>
    <language>
         <languageTerm type="code" authority="iso639-2b">eng</languageTerm>
    </language>
    <extension>
         <collectionCode>CHRG</collectionCode>
         <category>Congressional Committee Materials</category>
         <waisDatabaseName>118_house_hearings</waisDatabaseName>
         <branch>legislative</branch>
         <dateIngested>2025-04-25</dateIngested>
    </extension>
    <titleInfo>
         <title>AN OUTAGE STRIKES: ASSESSING THE GLOB- AL IMPACT OF CROWDSTRIKE&apos;S FAULTY SOFTWARE UPDATE</title>
    </titleInfo>
    <titleInfo type="alternative"></titleInfo>
    <location>
         <url displayLabel="Content Detail" access="object in context">https://www.govinfo.gov/app/details/CHRG-118hhrg60030</url>
         <url displayLabel="HTML rendition" access="raw object">https://www.govinfo.gov/content/pkg/CHRG-118hhrg60030/html/CHRG-118hhrg60030.htm</url>
         <url displayLabel="PDF rendition" access="raw object">https://www.govinfo.gov/content/pkg/CHRG-118hhrg60030/pdf/CHRG-118hhrg60030.pdf</url>
    </location>
    <originInfo>
         <publisher>U.S. Government Publishing Office</publisher>
         <dateIssued encoding="w3cdtf">2024-09-24</dateIssued>
         <issuance>monographic</issuance>
    </originInfo>
    <physicalDescription>
         <note type="source content type">deposited</note>
         <digitalOrigin>born digital</digitalOrigin>
         <extent>43 digital object pages</extent>
    </physicalDescription>
    <classification authority="sudocs">Y 4.H 75:</classification>
    <identifier type="uri">https://www.govinfo.gov/app/details/CHRG-118hhrg60030</identifier>
    <identifier type="local">P0b002ee1d20e65b8</identifier>
    <identifier type="former package identifier">f:60030.txt</identifier>
    <recordInfo>
         <recordContentSource authority="marcorg">DGPO</recordContentSource>
         <recordCreationDate encoding="w3cdtf">2025-04-25</recordCreationDate>
         <recordChangeDate encoding="w3cdtf">2025-04-25</recordChangeDate>
         <recordIdentifier source="DGPO">CHRG-118hhrg60030</recordIdentifier>
         <recordOrigin>machine generated</recordOrigin>
         <languageOfCataloging>
              <languageTerm type="code" authority="iso639-2b">eng</languageTerm>
        </languageOfCataloging>
    </recordInfo>
    <accessCondition type="GPO scope determination">fdlp</accessCondition>
    <extension>
         <docClass>HHRG</docClass>
         <accessId>CHRG-118hhrg60030</accessId>
         <type>G</type>
         <chamber>HOUSE</chamber>
         <congress years="2023-2024">118</congress>
         <session>2</session>
         <heldDate>2024-09-24</heldDate>
         <preferredCitation>Serial No. 118-81</preferredCitation>
    </extension>
    <extension>
         <searchTitle>AN OUTAGE STRIKES: ASSESSING THE GLOB- AL IMPACT OF CROWDSTRIKE&apos;S FAULTY SOFTWARE UPDATE</searchTitle>
         <granuleClass>OTHERPART</granuleClass>
         <accessId>CHRG-118hhrg60030</accessId>
         <graphicsInPDF>true</graphicsInPDF>
         <witness>Mr. Adam Meyers, Senior Vice President, Counter Adversary Operations, Crowdstrike:</witness>
         <isAppropriation>false</isAppropriation>
         <congSerial chamber="H" congress="118" number="81"></congSerial>
         <jacketId>60-030</jacketId>
         <congCommittee authorityId="hshm00" chamber="H" congress="118" type="S">
                                    
              <name type="authority-standard">Committee on Homeland Security</name>
                                    
              <name type="authority-short">Homeland Security</name>
                                    
              <subCommittee>
                                            
                   <name type="parsed">Subcommittee on Cybersecurity and Infrastructure Protection</name>
                                        
            </subCommittee>
                                
        </congCommittee>
         <congMember bioGuideId="B001311" chamber="H" congress="118" party="R" role="COMMMEMBER" state="NC">
                                    
              <name type="parsed">Dan Bishop of North Carolina</name>
                                    
              <name type="authority-fnf">Dan Bishop</name>
                                    
              <name type="authority-lnf">Bishop, Dan</name>
                                
        </congMember>
         <congMember bioGuideId="B001317" chamber="H" congress="118" party="R" role="COMMMEMBER" state="OK">
                                    
              <name type="parsed">Josh Brecheen of Oklahoma</name>
                                    
              <name type="authority-fnf">Josh Brecheen</name>
                                    
              <name type="authority-lnf">Brecheen, Josh</name>
                                
        </congMember>
         <congMember bioGuideId="C001067" chamber="H" congress="118" party="D" role="COMMMEMBER" state="NY">
                                    
              <name type="parsed">Yvette D. Clarke of New York</name>
                                    
              <name type="authority-fnf">Yvette D. Clarke</name>
                                    
              <name type="authority-lnf">Clarke, Yvette D.</name>
                                    
              <name type="authority-other">Ms. Yvette Clarke</name>
                                
        </congMember>
         <congMember bioGuideId="C001125" chamber="H" congress="118" party="D" role="COMMMEMBER" state="LA">
                                    
              <name type="parsed">Troy A. Carter of Louisiana</name>
                                    
              <name type="authority-fnf">Troy A. Carter</name>
                                    
              <name type="authority-lnf">Carter, Troy A.</name>
                                    
              <name type="authority-other">Mr. Troy Carter</name>
                                
        </congMember>
         <congMember bioGuideId="C001132" chamber="H" congress="118" party="R" role="COMMMEMBER" state="AZ">
                                    
              <name type="parsed">Elijah Crane of Arizona</name>
                                    
              <name type="authority-fnf">Elijah Crane</name>
                                    
              <name type="authority-lnf">Crane, Elijah</name>
                                
        </congMember>
         <congMember bioGuideId="D000632" chamber="H" congress="118" party="R" role="COMMMEMBER" state="NY">
                                    
              <name type="parsed">Anthony D&apos;Esposito of New York</name>
                                    
              <name type="authority-fnf">Anthony D&apos;Esposito</name>
                                    
              <name type="authority-lnf">D&apos;Esposito, Anthony</name>
                                
        </congMember>
         <congMember bioGuideId="E000235" chamber="H" congress="118" party="R" role="COMMMEMBER" state="MS">
                                    
              <name type="parsed">Mike Ezell of Mississippi</name>
                                    
              <name type="authority-fnf">Mike Ezell</name>
                                    
              <name type="authority-lnf">Ezell, Mike</name>
                                
        </congMember>
         <congMember bioGuideId="G000591" chamber="H" congress="118" party="R" role="COMMMEMBER" state="MS">
                                    
              <name type="parsed">Michael Guest of Mississippi</name>
                                    
              <name type="authority-fnf">Michael Guest</name>
                                    
              <name type="authority-lnf">Guest, Michael</name>
                                
        </congMember>
         <congMember bioGuideId="G000593" chamber="H" congress="118" party="R" role="COMMMEMBER" state="FL">
                                    
              <name type="parsed">Carlos A. Gimenez of Florida</name>
                                    
              <name type="authority-fnf">Carlos A. Gimenez</name>
                                    
              <name type="authority-lnf">Gimenez, Carlos A.</name>
                                    
              <name type="authority-other">Mr. Carlos Gimenez</name>
                                
        </congMember>
         <congMember bioGuideId="G000594" chamber="H" congress="118" party="R" role="COMMMEMBER" state="TX">
                                    
              <name type="parsed">Tony Gonzales of Texas</name>
                                    
              <name type="authority-fnf">Tony Gonzales</name>
                                    
              <name type="authority-lnf">Gonzales, Tony</name>
                                
        </congMember>
         <congMember bioGuideId="G000596" chamber="H" congress="118" party="R" role="COMMMEMBER" state="GA">
                                    
              <name type="parsed">Marjorie Taylor Greene of Georgia</name>
                                    
              <name type="authority-fnf">Marjorie Taylor Greene</name>
                                    
              <name type="authority-lnf">Greene, Marjorie Taylor</name>
                                    
              <name type="authority-other">Ms. Marjorie Greene</name>
                                
        </congMember>
         <congMember bioGuideId="G000597" chamber="H" congress="118" party="R" role="COMMMEMBER" state="NY">
                                    
              <name type="parsed">Andrew R. Garbarino of New York</name>
                                    
              <name type="authority-fnf">Andrew R. Garbarino</name>
                                    
              <name type="authority-lnf">Garbarino, Andrew R.</name>
                                    
              <name type="authority-other">Mr. Andrew Garbarino</name>
                                
        </congMember>
         <congMember bioGuideId="G000598" chamber="H" congress="118" party="D" role="COMMMEMBER" state="CA">
                                    
              <name type="parsed">Robert Garcia of California</name>
                                    
              <name type="authority-fnf">Robert Garcia</name>
                                    
              <name type="authority-lnf">Garcia, Robert</name>
                                
        </congMember>
         <congMember bioGuideId="G000599" chamber="H" congress="118" party="D" role="COMMMEMBER" state="NY">
                                    
              <name type="parsed">Daniel S. Goldman of New York</name>
                                    
              <name type="authority-fnf">Daniel S. Goldman</name>
                                    
              <name type="authority-lnf">Goldman, Daniel S.</name>
                                    
              <name type="authority-other">Mr. Daniel Goldman</name>
                                
        </congMember>
         <congMember bioGuideId="H001077" chamber="H" congress="118" party="R" role="COMMMEMBER" state="LA">
                                    
              <name type="parsed">Clay Higgins of Louisiana</name>
                                    
              <name type="authority-fnf">Clay Higgins</name>
                                    
              <name type="authority-lnf">Higgins, Clay</name>
                                
        </congMember>
         <congMember bioGuideId="I000058" chamber="H" congress="118" party="D" role="COMMMEMBER" state="MD">
                                    
              <name type="parsed">Glenn Ivey of Maryland</name>
                                    
              <name type="authority-fnf">Glenn Ivey</name>
                                    
              <name type="authority-lnf">Ivey, Glenn</name>
                                
        </congMember>
         <congMember bioGuideId="K000402" chamber="H" congress="118" party="D" role="COMMMEMBER" state="NY">
                                    
              <name type="parsed">Timothy M. Kennedy of New York</name>
                                    
              <name type="authority-fnf">Timothy M. Kennedy</name>
                                    
              <name type="authority-lnf">Kennedy, Timothy M.</name>
                                    
              <name type="authority-other">Timothy Kennedy</name>
                                
        </congMember>
         <congMember bioGuideId="L000597" chamber="H" congress="118" party="R" role="COMMMEMBER" state="FL">
                                    
              <name type="parsed">Laurel M. Lee of Florida</name>
                                    
              <name type="authority-fnf">Laurel M. Lee</name>
                                    
              <name type="authority-lnf">Lee, Laurel M.</name>
                                    
              <name type="authority-other">Ms. Laurel Lee</name>
                                
        </congMember>
         <congMember bioGuideId="L000598" chamber="H" congress="118" party="R" role="COMMMEMBER" state="NY">
                                    
              <name type="parsed">Nick LaLota of New York</name>
                                    
              <name type="authority-fnf">Nick LaLota</name>
                                    
              <name type="authority-lnf">LaLota, Nick</name>
                                
        </congMember>
         <congMember bioGuideId="L000603" chamber="H" congress="118" party="R" role="COMMMEMBER" state="TX">
                                    
              <name type="parsed">Morgan Luttrell of Texas</name>
                                    
              <name type="authority-fnf">Morgan Luttrell</name>
                                    
              <name type="authority-lnf">Luttrell, Morgan</name>
                                
        </congMember>
         <congMember bioGuideId="M001157" chamber="H" congress="118" party="R" role="COMMMEMBER" state="TX">
                                    
              <name type="parsed">Michael T. McCaul of Texas</name>
                                    
              <name type="authority-fnf">Michael T. McCaul</name>
                                    
              <name type="authority-lnf">McCaul, Michael T.</name>
                                    
              <name type="authority-other">Mr. Michael Mccaul</name>
                                
        </congMember>
         <congMember bioGuideId="M001223" chamber="H" congress="118" party="D" role="COMMMEMBER" state="RI">
                                    
              <name type="parsed">Seth Magaziner of Rhode Island</name>
                                    
              <name type="authority-fnf">Seth Magaziner</name>
                                    
              <name type="authority-lnf">Magaziner, Seth</name>
                                
        </congMember>
         <congMember bioGuideId="M001226" chamber="H" congress="118" party="D" role="COMMMEMBER" state="NJ">
                                    
              <name type="parsed">Robert Menendez of New Jersey</name>
                                    
              <name type="authority-fnf">Robert Menendez</name>
                                    
              <name type="authority-lnf">Menendez, Robert</name>
                                
        </congMember>
         <congMember bioGuideId="M001229" chamber="H" congress="118" party="D" role="COMMMEMBER" state="NJ">
                                    
              <name type="parsed">LaMonica McIver of New Jersey</name>
                                    
              <name type="authority-fnf">LaMonica McIver</name>
                                    
              <name type="authority-lnf">McIver, LaMonica</name>
                                
        </congMember>
         <congMember bioGuideId="P000048" chamber="H" congress="118" party="R" role="COMMMEMBER" state="TX">
                                    
              <name type="parsed">August Pfluger of Texas</name>
                                    
              <name type="authority-fnf">August Pfluger</name>
                                    
              <name type="authority-lnf">Pfluger, August</name>
                                
        </congMember>
         <congMember bioGuideId="R000617" chamber="H" congress="118" party="D" role="COMMMEMBER" state="IL">
                                    
              <name type="parsed">Delia C. Ramirez of Illinois</name>
                                    
              <name type="authority-fnf">Delia C. Ramirez</name>
                                    
              <name type="authority-lnf">Ramirez, Delia C.</name>
                                    
              <name type="authority-other">Mrs. Delia Ramirez</name>
                                
        </congMember>
         <congMember bioGuideId="S001193" chamber="H" congress="118" party="D" role="COMMMEMBER" state="CA">
                                    
              <name type="parsed">Eric Swalwell of California</name>
                                    
              <name type="authority-fnf">Eric Swalwell</name>
                                    
              <name type="authority-lnf">Swalwell, Eric</name>
                                
        </congMember>
         <congMember bioGuideId="S001201" chamber="H" congress="118" party="D" role="COMMMEMBER" state="NY">
                                    
              <name type="parsed">Thomas R. Suozzi of New York</name>
                                    
              <name type="authority-fnf">Thomas R. Suozzi</name>
                                    
              <name type="authority-lnf">Suozzi, Thomas R.</name>
                                    
              <name type="authority-other">Mr. Thomas Suozzi</name>
                                
        </congMember>
         <congMember bioGuideId="S001220" chamber="H" congress="118" party="R" role="COMMMEMBER" state="AL">
                                    
              <name type="parsed">Dale W. Strong of Alabama</name>
                                    
              <name type="authority-fnf">Dale W. Strong</name>
                                    
              <name type="authority-lnf">Strong, Dale W.</name>
                                    
              <name type="authority-other">Mr. Dale Strong</name>
                                
        </congMember>
         <congMember bioGuideId="T000193" chamber="H" congress="118" party="D" role="COMMMEMBER" state="MS">
                                    
              <name type="parsed">Bennie G. Thompson of Mississippi</name>
                                    
              <name type="authority-fnf">Bennie G. Thompson</name>
                                    
              <name type="authority-lnf">Thompson, Bennie G.</name>
                                    
              <name type="authority-other">Mr. Bennie Thompson</name>
                                
        </congMember>
         <congMember bioGuideId="T000488" chamber="H" congress="118" party="D" role="COMMMEMBER" state="MI">
                                    
              <name type="parsed">Shri Thanedar of Michigan</name>
                                    
              <name type="authority-fnf">Shri Thanedar</name>
                                    
              <name type="authority-lnf">Thanedar, Shri</name>
                                
        </congMember>
         <isNomination>false</isNomination>
         <isErrata>false</isErrata>
    </extension>
    <name type="corporate">
         <namePart>United States</namePart>
         <namePart>Congress</namePart>
         <namePart>House of Representatives</namePart>
         <namePart>Committee on Homeland Security</namePart>
         <role>
              <roleTerm authority="marcrelator" type="text">associated name</roleTerm>
              <roleTerm authority="marcrelator" type="code">asn</roleTerm>
        </role>
         <description>Government Organization</description>
    </name>
    <name type="personal">
         <namePart>Dan Bishop</namePart>
         <affiliation>United States House of Representatives</affiliation>
         <role>
              <roleTerm type="text">committee member</roleTerm>
        </role>
         <description>United States Congressional Member</description>
    </name>
    <name type="personal">
         <namePart>Josh Brecheen</namePart>
         <affiliation>United States House of Representatives</affiliation>
         <role>
              <roleTerm type="text">committee member</roleTerm>
        </role>
         <description>United States Congressional Member</description>
    </name>
    <name type="personal">
         <namePart>Yvette D. Clarke</namePart>
         <affiliation>United States House of Representatives</affiliation>
         <role>
              <roleTerm type="text">committee member</roleTerm>
        </role>
         <description>United States Congressional Member</description>
    </name>
    <name type="personal">
         <namePart>Troy A. Carter</namePart>
         <affiliation>United States House of Representatives</affiliation>
         <role>
              <roleTerm type="text">committee member</roleTerm>
        </role>
         <description>United States Congressional Member</description>
    </name>
    <name type="personal">
         <namePart>Elijah Crane</namePart>
         <affiliation>United States House of Representatives</affiliation>
         <role>
              <roleTerm type="text">committee member</roleTerm>
        </role>
         <description>United States Congressional Member</description>
    </name>
    <name type="personal">
         <namePart>Anthony D&apos;Esposito</namePart>
         <affiliation>United States House of Representatives</affiliation>
         <role>
              <roleTerm type="text">committee member</roleTerm>
        </role>
         <description>United States Congressional Member</description>
    </name>
    <name type="personal">
         <namePart>Mike Ezell</namePart>
         <affiliation>United States House of Representatives</affiliation>
         <role>
              <roleTerm type="text">committee member</roleTerm>
        </role>
         <description>United States Congressional Member</description>
    </name>
    <name type="personal">
         <namePart>Michael Guest</namePart>
         <affiliation>United States House of Representatives</affiliation>
         <role>
              <roleTerm type="text">committee member</roleTerm>
        </role>
         <description>United States Congressional Member</description>
    </name>
    <name type="personal">
         <namePart>Carlos A. Gimenez</namePart>
         <affiliation>United States House of Representatives</affiliation>
         <role>
              <roleTerm type="text">committee member</roleTerm>
        </role>
         <description>United States Congressional Member</description>
    </name>
    <name type="personal">
         <namePart>Tony Gonzales</namePart>
         <affiliation>United States House of Representatives</affiliation>
         <role>
              <roleTerm type="text">committee member</roleTerm>
        </role>
         <description>United States Congressional Member</description>
    </name>
    <name type="personal">
         <namePart>Marjorie Taylor Greene</namePart>
         <affiliation>United States House of Representatives</affiliation>
         <role>
              <roleTerm type="text">committee member</roleTerm>
        </role>
         <description>United States Congressional Member</description>
    </name>
    <name type="personal">
         <namePart>Andrew R. Garbarino</namePart>
         <affiliation>United States House of Representatives</affiliation>
         <role>
              <roleTerm type="text">committee member</roleTerm>
        </role>
         <description>United States Congressional Member</description>
    </name>
    <name type="personal">
         <namePart>Robert Garcia</namePart>
         <affiliation>United States House of Representatives</affiliation>
         <role>
              <roleTerm type="text">committee member</roleTerm>
        </role>
         <description>United States Congressional Member</description>
    </name>
    <name type="personal">
         <namePart>Daniel S. Goldman</namePart>
         <affiliation>United States House of Representatives</affiliation>
         <role>
              <roleTerm type="text">committee member</roleTerm>
        </role>
         <description>United States Congressional Member</description>
    </name>
    <name type="personal">
         <namePart>Clay Higgins</namePart>
         <affiliation>United States House of Representatives</affiliation>
         <role>
              <roleTerm type="text">committee member</roleTerm>
        </role>
         <description>United States Congressional Member</description>
    </name>
    <name type="personal">
         <namePart>Glenn Ivey</namePart>
         <affiliation>United States House of Representatives</affiliation>
         <role>
              <roleTerm type="text">committee member</roleTerm>
        </role>
         <description>United States Congressional Member</description>
    </name>
    <name type="personal">
         <namePart>Timothy M. Kennedy</namePart>
         <affiliation>United States House of Representatives</affiliation>
         <role>
              <roleTerm type="text">committee member</roleTerm>
        </role>
         <description>United States Congressional Member</description>
    </name>
    <name type="personal">
         <namePart>Laurel M. Lee</namePart>
         <affiliation>United States House of Representatives</affiliation>
         <role>
              <roleTerm type="text">committee member</roleTerm>
        </role>
         <description>United States Congressional Member</description>
    </name>
    <name type="personal">
         <namePart>Nick LaLota</namePart>
         <affiliation>United States House of Representatives</affiliation>
         <role>
              <roleTerm type="text">committee member</roleTerm>
        </role>
         <description>United States Congressional Member</description>
    </name>
    <name type="personal">
         <namePart>Morgan Luttrell</namePart>
         <affiliation>United States House of Representatives</affiliation>
         <role>
              <roleTerm type="text">committee member</roleTerm>
        </role>
         <description>United States Congressional Member</description>
    </name>
    <name type="personal">
         <namePart>Michael T. McCaul</namePart>
         <affiliation>United States House of Representatives</affiliation>
         <role>
              <roleTerm type="text">committee member</roleTerm>
        </role>
         <description>United States Congressional Member</description>
    </name>
    <name type="personal">
         <namePart>Seth Magaziner</namePart>
         <affiliation>United States House of Representatives</affiliation>
         <role>
              <roleTerm type="text">committee member</roleTerm>
        </role>
         <description>United States Congressional Member</description>
    </name>
    <name type="personal">
         <namePart>Robert Menendez</namePart>
         <affiliation>United States House of Representatives</affiliation>
         <role>
              <roleTerm type="text">committee member</roleTerm>
        </role>
         <description>United States Congressional Member</description>
    </name>
    <name type="personal">
         <namePart>LaMonica McIver</namePart>
         <affiliation>United States House of Representatives</affiliation>
         <role>
              <roleTerm type="text">committee member</roleTerm>
        </role>
         <description>United States Congressional Member</description>
    </name>
    <name type="personal">
         <namePart>August Pfluger</namePart>
         <affiliation>United States House of Representatives</affiliation>
         <role>
              <roleTerm type="text">committee member</roleTerm>
        </role>
         <description>United States Congressional Member</description>
    </name>
    <name type="personal">
         <namePart>Delia C. Ramirez</namePart>
         <affiliation>United States House of Representatives</affiliation>
         <role>
              <roleTerm type="text">committee member</roleTerm>
        </role>
         <description>United States Congressional Member</description>
    </name>
    <name type="personal">
         <namePart>Eric Swalwell</namePart>
         <affiliation>United States House of Representatives</affiliation>
         <role>
              <roleTerm type="text">committee member</roleTerm>
        </role>
         <description>United States Congressional Member</description>
    </name>
    <name type="personal">
         <namePart>Thomas R. Suozzi</namePart>
         <affiliation>United States House of Representatives</affiliation>
         <role>
              <roleTerm type="text">committee member</roleTerm>
        </role>
         <description>United States Congressional Member</description>
    </name>
    <name type="personal">
         <namePart>Dale W. Strong</namePart>
         <affiliation>United States House of Representatives</affiliation>
         <role>
              <roleTerm type="text">committee member</roleTerm>
        </role>
         <description>United States Congressional Member</description>
    </name>
    <name type="personal">
         <namePart>Bennie G. Thompson</namePart>
         <affiliation>United States House of Representatives</affiliation>
         <role>
              <roleTerm type="text">committee member</roleTerm>
        </role>
         <description>United States Congressional Member</description>
    </name>
    <name type="personal">
         <namePart>Shri Thanedar</namePart>
         <affiliation>United States House of Representatives</affiliation>
         <role>
              <roleTerm type="text">committee member</roleTerm>
        </role>
         <description>United States Congressional Member</description>
    </name>
    <name type="personal">
         <namePart>Mr. Adam Meyers, Senior Vice President, Counter Adversary Operations, Crowdstrike:</namePart>
         <role>
              <roleTerm authority="marcrelator" type="text">witness</roleTerm>
              <roleTerm authority="marcrelator" type="code">wit</roleTerm>
        </role>
         <description>Hearing Witness</description>
    </name>
    <relatedItem type="isReferencedBy">
         <identifier type="Jacket citation"></identifier>
    </relatedItem>
    <relatedItem type="isReferencedBy">
         <titleInfo>
              <title>United States Congress Serial Number 81 (118th Congress)</title>
        </titleInfo>
         <identifier type="congressional serial number">Serial No. 118-81</identifier>
    </relatedItem>
</mods>