<?xml version="1.0" encoding="UTF-8"?><mets xmlns="http://www.loc.gov/METS/" xmlns:utils="xalan://gov.gpo.fdsys.utils" xmlns:datetime="http://exslt.org/dates-and-times" xmlns:xalan="http://xml.apache.org/xalan" xmlns:xsi="http://www.w3.org/2001/XMLSchema-instance" xmlns:xlink="http://www.w3.org/1999/xlink" xsi:schemaLocation="http://www.loc.gov/METS/ http://www.loc.gov/standards/mets/mets.xsd" ID="P0b002ee1d005cdcb" LABEL="LEGISLATIVE HEARING ON H.R. 6841, TO AMEND THE COASTAL ZONE MANAGEMENT ACT OF 1972 TO ALLOW THE SECRETARY OF COMMERCE TO ESTABLISH A COASTAL AND ESTUARINE RESILIENCE AND RESTORA- TION PROGRAM, AND FOR OTHER PUR- POSES; H.R. 7925, TO PROVIDE FOR THE STANDARDIZATION, PUBLICATION, AND ACCESSIBILITY OF DATA RELATING TO PUBLIC OUTDOOR RECREATIONAL USE OF FEDERAL WATERWAYS, AND FOR OTHER PURPOSES, &quot;MODERNIZING ACCESS TO OUR PUBLIC OCEANS ACT&quot;; H.R. 8704, TO RE- QUIRE THE SECRETARY OF COMMERCE TO ESTABLISH A GRANT PROGRAM TO FOSTER ENHANCED COEXISTENCE BETWEEN OCEAN USERS AND NORTH ATLANTIC RIGHT WHALES AND OTHER LARGE CETACEAN SPECIES; AND H.R. 8705, TO REQUIRE THE ADMINISTRATOR OF THE NATIONAL OCE- ANIC AND ATMOSPHERIC ADMINISTRATION TO REFORM THE MARINE RECREATIONAL INFORMATION PROGRAM OF THE NA- TIONAL MARINE FISHERIES SERVICE, AND FOR OTHER PURPOSES, &quot;FISHERIES DATA MODERNIZATION AND ACCURACY ACT OF 2024&quot;" OBJID="CHRG-118hhrg56169">
<metsHdr CREATEDATE="2025-02-19T08:46:09Z" LASTMODDATE="2025-02-19T08:46:09Z">
<agent ROLE="CREATOR" TYPE="ORGANIZATION">
<name>United States Government Publishing Office</name>
</agent>
</metsHdr>
<dmdSec ID="descriptive-metadata-mods-id-56169">
<mdRef ID="id-56169" MIMETYPE="text/xml" XPTR="/mods/relatedItem[@ID='id-56169']" LOCTYPE="URL" xlink:href="file://mods.xml" MDTYPE="MODS"/>
</dmdSec>
<amdSec>
<digiprovMD ID="provenance-metadata-premis">
<mdRef MIMETYPE="text/xml" LOCTYPE="URL" xlink:href="file://premis.xml" MDTYPE="PREMIS"/>
</digiprovMD>
</amdSec>
<fileSec><fileGrp USE="text/html"><file ID="FID1" MIMETYPE="text/html" SIZE="372426" DMDID="id-56169">
<FLocat LOCTYPE="URL" xlink:href="file://html/CHRG-118hhrg56169.htm"/>
<FLocat LOCTYPE="URL" xlink:href="https://www.govinfo.gov/content/pkg/CHRG-118hhrg56169/html/CHRG-118hhrg56169.htm"/>
</file></fileGrp><fileGrp USE="application/pdf"><file ID="FID2" MIMETYPE="application/pdf" SIZE="3100926" DMDID="id-56169">
<FLocat LOCTYPE="URL" xlink:href="file://pdf/CHRG-118hhrg56169.pdf"/>
<FLocat LOCTYPE="URL" xlink:href="https://www.govinfo.gov/content/pkg/CHRG-118hhrg56169/pdf/CHRG-118hhrg56169.pdf"/>
</file></fileGrp></fileSec>
<structMap>
<div>
<div DMDID="id-56169" ADMID="provenance-metadata-premis">
<fptr FILEID="FID1"/>
</div>
<div DMDID="id-56169" ADMID="provenance-metadata-premis">
<fptr FILEID="FID2"/>
</div>
</div>
</structMap>
</mets>
