<mods xmlns:xlink="http://www.w3.org/1999/xlink" xmlns:exslt="http://exslt.org/common" xmlns:xsi="http://www.w3.org/2001/XMLSchema-instance" xmlns="http://www.loc.gov/mods/v3" version="3.3" xsi:schemaLocation="http://www.loc.gov/mods/v3 http://www.loc.gov/standards/mods/v3/mods-3-3.xsd" ID="P0b002ee1d005cdcb">
    <name type="corporate">
         <namePart>United States Government Publishing Office</namePart>
         <role>
              <roleTerm authority="marcrelator" type="text">publisher</roleTerm>
              <roleTerm authority="marcrelator" type="code">pbl</roleTerm>
        </role>
         <role>
              <roleTerm authority="marcrelator" type="text">distributor</roleTerm>
              <roleTerm authority="marcrelator" type="code">dst</roleTerm>
        </role>
    </name>
    <name type="corporate">
         <namePart>United States</namePart>
         <namePart>Congress</namePart>
         <namePart>House of Representatives</namePart>
         <role>
              <roleTerm authority="marcrelator" type="text">author</roleTerm>
              <roleTerm authority="marcrelator" type="code">aut</roleTerm>
        </role>
         <description>Government Organization</description>
    </name>
    <typeOfResource>text</typeOfResource>
    <genre authority="marcgt">government publication</genre>
    <language>
         <languageTerm type="code" authority="iso639-2b">eng</languageTerm>
    </language>
    <extension>
         <collectionCode>CHRG</collectionCode>
         <category>Congressional Committee Materials</category>
         <waisDatabaseName>118_house_hearings</waisDatabaseName>
         <branch>legislative</branch>
         <dateIngested>2025-02-19</dateIngested>
    </extension>
    <titleInfo>
         <title>LEGISLATIVE HEARING ON H.R. 6841, TO AMEND THE COASTAL ZONE MANAGEMENT ACT OF 1972 TO ALLOW THE SECRETARY OF COMMERCE TO ESTABLISH A COASTAL AND ESTUARINE RESILIENCE AND RESTORA- TION PROGRAM, AND FOR OTHER PUR- POSES; H.R. 7925, TO PROVIDE FOR THE STANDARDIZATION, PUBLICATION, AND ACCESSIBILITY OF DATA RELATING TO PUBLIC OUTDOOR RECREATIONAL USE OF FEDERAL WATERWAYS, AND FOR OTHER PURPOSES, &quot;MODERNIZING ACCESS TO OUR PUBLIC OCEANS ACT&quot;; H.R. 8704, TO RE- QUIRE THE SECRETARY OF COMMERCE TO ESTABLISH A GRANT PROGRAM TO FOSTER ENHANCED COEXISTENCE BETWEEN OCEAN USERS AND NORTH ATLANTIC RIGHT WHALES AND OTHER LARGE CETACEAN SPECIES; AND H.R. 8705, TO REQUIRE THE ADMINISTRATOR OF THE NATIONAL OCE- ANIC AND ATMOSPHERIC ADMINISTRATION TO REFORM THE MARINE RECREATIONAL INFORMATION PROGRAM OF THE NA- TIONAL MARINE FISHERIES SERVICE, AND FOR OTHER PURPOSES, &quot;FISHERIES DATA MODERNIZATION AND ACCURACY ACT OF 2024&quot;</title>
    </titleInfo>
    <titleInfo type="alternative"></titleInfo>
    <location>
         <url displayLabel="Content Detail" access="object in context">https://www.govinfo.gov/app/details/CHRG-118hhrg56169</url>
         <url displayLabel="HTML rendition" access="raw object">https://www.govinfo.gov/content/pkg/CHRG-118hhrg56169/html/CHRG-118hhrg56169.htm</url>
         <url displayLabel="PDF rendition" access="raw object">https://www.govinfo.gov/content/pkg/CHRG-118hhrg56169/pdf/CHRG-118hhrg56169.pdf</url>
    </location>
    <originInfo>
         <publisher>U.S. Government Publishing Office</publisher>
         <dateIssued encoding="w3cdtf">2024-06-27</dateIssued>
         <issuance>monographic</issuance>
    </originInfo>
    <physicalDescription>
         <note type="source content type">deposited</note>
         <digitalOrigin>born digital</digitalOrigin>
         <extent>99 digital object pages</extent>
    </physicalDescription>
    <classification authority="sudocs">Y 4.R 31/3:</classification>
    <identifier type="uri">https://www.govinfo.gov/app/details/CHRG-118hhrg56169</identifier>
    <identifier type="local">P0b002ee1d005cdcb</identifier>
    <identifier type="former package identifier">f:56169.txt</identifier>
    <recordInfo>
         <recordContentSource authority="marcorg">DGPO</recordContentSource>
         <recordCreationDate encoding="w3cdtf">2025-02-19</recordCreationDate>
         <recordChangeDate encoding="w3cdtf">2025-02-19</recordChangeDate>
         <recordIdentifier source="DGPO">CHRG-118hhrg56169</recordIdentifier>
         <recordOrigin>machine generated</recordOrigin>
         <languageOfCataloging>
              <languageTerm type="code" authority="iso639-2b">eng</languageTerm>
        </languageOfCataloging>
    </recordInfo>
    <accessCondition type="GPO scope determination">fdlp</accessCondition>
    <extension>
         <docClass>HHRG</docClass>
         <accessId>CHRG-118hhrg56169</accessId>
         <type>G</type>
         <chamber>HOUSE</chamber>
         <congress years="2023-2024">118</congress>
         <session>2</session>
         <heldDate>2024-06-27</heldDate>
         <preferredCitation>Serial No. 118-132</preferredCitation>
    </extension>
    <extension>
         <searchTitle>LEGISLATIVE HEARING ON H.R. 6841, TO AMEND THE COASTAL ZONE MANAGEMENT ACT OF 1972 TO ALLOW THE SECRETARY OF COMMERCE TO ESTABLISH A COASTAL AND ESTUARINE RESILIENCE AND RESTORA- TION PROGRAM, AND FOR OTHER PUR- POSES; H.R. 7925, TO PROVIDE FOR THE STANDARDIZATION, PUBLICATION, AND ACCESSIBILITY OF DATA RELATING TO PUBLIC OUTDOOR RECREATIONAL USE OF FEDERAL WATERWAYS, AND FOR OTHER PURPOSES, &quot;MODERNIZING ACCESS TO OUR PUBLIC OCEANS ACT&quot;; H.R. 8704, TO RE- QUIRE THE SECRETARY OF COMMERCE TO ESTABLISH A GRANT PROGRAM TO FOSTER ENHANCED COEXISTENCE BETWEEN OCEAN USERS AND NORTH ATLANTIC RIGHT WHALES AND OTHER LARGE CETACEAN SPECIES; AND H.R. 8705, TO REQUIRE THE ADMINISTRATOR OF THE NATIONAL OCE- ANIC AND ATMOSPHERIC ADMINISTRATION TO REFORM THE MARINE RECREATIONAL INFORMATION PROGRAM OF THE NA- TIONAL MARINE FISHERIES SERVICE, AND FOR OTHER PURPOSES, &quot;FISHERIES DATA MODERNIZATION AND ACCURACY ACT OF 2024&quot;</searchTitle>
         <granuleClass>OTHERPART</granuleClass>
         <accessId>CHRG-118hhrg56169</accessId>
         <graphicsInPDF>true</graphicsInPDF>
         <witness>Panel II: Howell, Evan, Director, National Marine Fisheries Service Office of Science and Technology, NOAA, U.S. Department of Commerce, Silver Spring, Maryland</witness>
         <witness>Guyas, Martha, Southeast Fisheries Policy Director, American Sportfishing Association, Tallahassee, Florida</witness>
         <witness>Strong, Jeff, Chair of the Marine Retailers Association of the Americans Board of Directors, and President of Strong&apos;s Marine, Mattituck, New York</witness>
         <witness>Redfern, Jessica, Associate Vice President for Ocean Conservation Science, Anderson Cabot Center for Ocean Life, New England Aquarium, Boston, Massachusetts</witness>
         <witness>McCurry, James (Jamie), Jr., Chief Administrative Officer, Georgia Ports Authority, Savannah, Georgia</witness>
         <isAppropriation>false</isAppropriation>
         <congSerial chamber="H" congress="118" number="132"></congSerial>
         <jacketId>56-169</jacketId>
         <congCommittee authorityId="hsii00" chamber="H" congress="118" type="S">
                                    
              <name type="authority-standard">Committee on Natural Resources</name>
                                    
              <name type="authority-short">Natural Resources</name>
                                    
              <subCommittee>
                                            
                   <name type="parsed">Subcommittee on Water, Wildlife and Fisheries</name>
                                        
            </subCommittee>
                                
        </congCommittee>
         <USCode title="16">
                                    
              <section detail="(6)" number="1361"></section>
                                    
              <section detail="(13)" number="1362"></section>
                                    
              <section number="1391"></section>
                                    
              <section number="1393"></section>
                                    
              <section number="1456-1"></section>
                                    
              <section number="1461"></section>
                                    
              <section detail="(c)(1)" number="1531"></section>
                                    
              <section detail="(19)" number="1532"></section>
                                
        </USCode>
         <bill congress="118" context="BODY" number="3976" type="HR"></bill>
         <bill congress="118" context="BODY" number="6814" type="HR"></bill>
         <bill congress="118" context="COVER" number="6841" type="HR"></bill>
         <bill congress="118" context="BODY" number="6841" type="HR"></bill>
         <bill congress="118" context="COVER" number="7925" type="HR"></bill>
         <bill congress="118" context="BODY" number="7925" type="HR"></bill>
         <bill congress="118" context="COVER" number="8704" type="HR"></bill>
         <bill congress="118" context="BODY" number="8704" type="HR"></bill>
         <bill congress="118" context="COVER" number="8705" type="HR"></bill>
         <bill congress="118" context="BODY" number="8705" type="HR"></bill>
         <cfr title="50">
                                    
              <part number="224"></part>
                                
        </cfr>
         <cfr title="50">
                                    
              <part detail=".105" number="224"></part>
                                
        </cfr>
         <isNomination>false</isNomination>
         <isErrata>false</isErrata>
    </extension>
    <name type="corporate">
         <namePart>United States</namePart>
         <namePart>Congress</namePart>
         <namePart>House of Representatives</namePart>
         <namePart>Committee on Natural Resources</namePart>
         <role>
              <roleTerm authority="marcrelator" type="text">associated name</roleTerm>
              <roleTerm authority="marcrelator" type="code">asn</roleTerm>
        </role>
         <description>Government Organization</description>
    </name>
    <name type="personal">
         <namePart>Panel II: Howell, Evan, Director, National Marine Fisheries Service Office of Science and Technology, NOAA, U.S. Department of Commerce, Silver Spring, Maryland</namePart>
         <role>
              <roleTerm authority="marcrelator" type="text">witness</roleTerm>
              <roleTerm authority="marcrelator" type="code">wit</roleTerm>
        </role>
         <description>Hearing Witness</description>
    </name>
    <name type="personal">
         <namePart>Guyas, Martha, Southeast Fisheries Policy Director, American Sportfishing Association, Tallahassee, Florida</namePart>
         <role>
              <roleTerm authority="marcrelator" type="text">witness</roleTerm>
              <roleTerm authority="marcrelator" type="code">wit</roleTerm>
        </role>
         <description>Hearing Witness</description>
    </name>
    <name type="personal">
         <namePart>Strong, Jeff, Chair of the Marine Retailers Association of the Americans Board of Directors, and President of Strong&apos;s Marine, Mattituck, New York</namePart>
         <role>
              <roleTerm authority="marcrelator" type="text">witness</roleTerm>
              <roleTerm authority="marcrelator" type="code">wit</roleTerm>
        </role>
         <description>Hearing Witness</description>
    </name>
    <name type="personal">
         <namePart>Redfern, Jessica, Associate Vice President for Ocean Conservation Science, Anderson Cabot Center for Ocean Life, New England Aquarium, Boston, Massachusetts</namePart>
         <role>
              <roleTerm authority="marcrelator" type="text">witness</roleTerm>
              <roleTerm authority="marcrelator" type="code">wit</roleTerm>
        </role>
         <description>Hearing Witness</description>
    </name>
    <name type="personal">
         <namePart>McCurry, James (Jamie), Jr., Chief Administrative Officer, Georgia Ports Authority, Savannah, Georgia</namePart>
         <role>
              <roleTerm authority="marcrelator" type="text">witness</roleTerm>
              <roleTerm authority="marcrelator" type="code">wit</roleTerm>
        </role>
         <description>Hearing Witness</description>
    </name>
    <relatedItem type="isReferencedBy">
         <identifier type="Jacket citation"></identifier>
    </relatedItem>
    <relatedItem type="isReferencedBy">
         <titleInfo>
              <title>United States House Bill 3976 (118th Congress)</title>
        </titleInfo>
         <identifier type="Congressional Bill citation">H.R. 3976</identifier>
         <extension>
              <congress>118</congress>
              <context>BODY</context>
        </extension>
    </relatedItem>
    <relatedItem type="isReferencedBy">
         <titleInfo>
              <title>United States House Bill 6814 (118th Congress)</title>
        </titleInfo>
         <identifier type="Congressional Bill citation">H.R. 6814</identifier>
         <extension>
              <congress>118</congress>
              <context>BODY</context>
        </extension>
    </relatedItem>
    <relatedItem type="isReferencedBy">
         <titleInfo>
              <title>United States House Bill 6841 (118th Congress)</title>
        </titleInfo>
         <identifier type="Congressional Bill citation">H.R. 6841</identifier>
         <extension>
              <congress>118</congress>
              <context>COVER</context>
        </extension>
    </relatedItem>
    <relatedItem type="isReferencedBy">
         <titleInfo>
              <title>United States House Bill 6841 (118th Congress)</title>
        </titleInfo>
         <identifier type="Congressional Bill citation">H.R. 6841</identifier>
         <extension>
              <congress>118</congress>
              <context>BODY</context>
        </extension>
    </relatedItem>
    <relatedItem type="isReferencedBy">
         <titleInfo>
              <title>United States House Bill 7925 (118th Congress)</title>
        </titleInfo>
         <identifier type="Congressional Bill citation">H.R. 7925</identifier>
         <extension>
              <congress>118</congress>
              <context>COVER</context>
        </extension>
    </relatedItem>
    <relatedItem type="isReferencedBy">
         <titleInfo>
              <title>United States House Bill 7925 (118th Congress)</title>
        </titleInfo>
         <identifier type="Congressional Bill citation">H.R. 7925</identifier>
         <extension>
              <congress>118</congress>
              <context>BODY</context>
        </extension>
    </relatedItem>
    <relatedItem type="isReferencedBy">
         <titleInfo>
              <title>United States House Bill 8704 (118th Congress)</title>
        </titleInfo>
         <identifier type="Congressional Bill citation">H.R. 8704</identifier>
         <extension>
              <congress>118</congress>
              <context>COVER</context>
        </extension>
    </relatedItem>
    <relatedItem type="isReferencedBy">
         <titleInfo>
              <title>United States House Bill 8704 (118th Congress)</title>
        </titleInfo>
         <identifier type="Congressional Bill citation">H.R. 8704</identifier>
         <extension>
              <congress>118</congress>
              <context>BODY</context>
        </extension>
    </relatedItem>
    <relatedItem type="isReferencedBy">
         <titleInfo>
              <title>United States House Bill 8705 (118th Congress)</title>
        </titleInfo>
         <identifier type="Congressional Bill citation">H.R. 8705</identifier>
         <extension>
              <congress>118</congress>
              <context>COVER</context>
        </extension>
    </relatedItem>
    <relatedItem type="isReferencedBy">
         <titleInfo>
              <title>United States House Bill 8705 (118th Congress)</title>
        </titleInfo>
         <identifier type="Congressional Bill citation">H.R. 8705</identifier>
         <extension>
              <congress>118</congress>
              <context>BODY</context>
        </extension>
    </relatedItem>
    <relatedItem type="isReferencedBy">
         <titleInfo>
              <title>United States Code</title>
              <partNumber>Title 16 Section 1361(6)</partNumber>
              <partNumber>Title 16 Section 1362(13)</partNumber>
              <partNumber>Title 16 Section 1391</partNumber>
              <partNumber>Title 16 Section 1393</partNumber>
              <partNumber>Title 16 Section 1456-1</partNumber>
              <partNumber>Title 16 Section 1461</partNumber>
              <partNumber>Title 16 Section 1531(c)(1)</partNumber>
              <partNumber>Title 16 Section 1532(19)</partNumber>
        </titleInfo>
         <identifier type="USC citation">16 U.S.C. 1361(6)</identifier>
         <identifier type="USC citation">16 U.S.C. 1362(13)</identifier>
         <identifier type="USC citation">16 U.S.C. 1391</identifier>
         <identifier type="USC citation">16 U.S.C. 1393</identifier>
         <identifier type="USC citation">16 U.S.C. 1456-1</identifier>
         <identifier type="USC citation">16 U.S.C. 1461</identifier>
         <identifier type="USC citation">16 U.S.C. 1531(c)(1)</identifier>
         <identifier type="USC citation">16 U.S.C. 1532(19)</identifier>
    </relatedItem>
    <relatedItem type="isReferencedBy">
         <titleInfo>
              <title>Code of Federal Regulations</title>
              <partNumber>Title 50 Part 224</partNumber>
        </titleInfo>
         <identifier type="CFR citation">50 CFR Part  224</identifier>
    </relatedItem>
    <relatedItem type="isReferencedBy">
         <titleInfo>
              <title>Code of Federal Regulations</title>
              <partNumber>Title 50 Part 224.105</partNumber>
        </titleInfo>
         <identifier type="CFR citation">50 CFR Part  224.105</identifier>
    </relatedItem>
    <relatedItem type="isReferencedBy">
         <titleInfo>
              <title>United States Congress Serial Number 132 (118th Congress)</title>
        </titleInfo>
         <identifier type="congressional serial number">Serial No. 118-132</identifier>
    </relatedItem>
</mods>