<mods xmlns:xlink="http://www.w3.org/1999/xlink" xmlns:exslt="http://exslt.org/common" xmlns:xsi="http://www.w3.org/2001/XMLSchema-instance" xmlns="http://www.loc.gov/mods/v3" version="3.3" xsi:schemaLocation="http://www.loc.gov/mods/v3 http://www.loc.gov/standards/mods/v3/mods-3-3.xsd" ID="P0b002ee1cfe3deef">
    <name type="corporate">
         <namePart>United States Government Publishing Office</namePart>
         <role>
              <roleTerm authority="marcrelator" type="text">publisher</roleTerm>
              <roleTerm authority="marcrelator" type="code">pbl</roleTerm>
        </role>
         <role>
              <roleTerm authority="marcrelator" type="text">distributor</roleTerm>
              <roleTerm authority="marcrelator" type="code">dst</roleTerm>
        </role>
    </name>
    <name type="corporate">
         <namePart>United States</namePart>
         <namePart>Congress</namePart>
         <namePart>Senate</namePart>
         <role>
              <roleTerm authority="marcrelator" type="text">author</roleTerm>
              <roleTerm authority="marcrelator" type="code">aut</roleTerm>
        </role>
         <description>Government Organization</description>
    </name>
    <typeOfResource>text</typeOfResource>
    <genre authority="marcgt">government publication</genre>
    <language>
         <languageTerm type="code" authority="iso639-2b">eng</languageTerm>
    </language>
    <extension>
         <collectionCode>CHRG</collectionCode>
         <category>Congressional Committee Materials</category>
         <waisDatabaseName>118_senate_hearings</waisDatabaseName>
         <branch>legislative</branch>
         <dateIngested>2025-02-13</dateIngested>
    </extension>
    <titleInfo>
         <title>FIGHTING FRAUD: HOW SCAMMERS ARE STEALING FROM OLDER ADULTS</title>
    </titleInfo>
    <titleInfo type="alternative"></titleInfo>
    <location>
         <url displayLabel="Content Detail" access="object in context">https://www.govinfo.gov/app/details/CHRG-118shrg57777</url>
         <url displayLabel="HTML rendition" access="raw object">https://www.govinfo.gov/content/pkg/CHRG-118shrg57777/html/CHRG-118shrg57777.htm</url>
         <url displayLabel="PDF rendition" access="raw object">https://www.govinfo.gov/content/pkg/CHRG-118shrg57777/pdf/CHRG-118shrg57777.pdf</url>
    </location>
    <originInfo>
         <publisher>U.S. Government Publishing Office</publisher>
         <dateIssued encoding="w3cdtf">2024-09-19</dateIssued>
         <issuance>monographic</issuance>
    </originInfo>
    <physicalDescription>
         <note type="source content type">deposited</note>
         <digitalOrigin>born digital</digitalOrigin>
         <extent>86 digital object pages</extent>
    </physicalDescription>
    <classification authority="sudocs">Y 4.AG 4:</classification>
    <identifier type="uri">https://www.govinfo.gov/app/details/CHRG-118shrg57777</identifier>
    <identifier type="local">P0b002ee1cfe3deef</identifier>
    <identifier type="former package identifier">f:57777.txt</identifier>
    <recordInfo>
         <recordContentSource authority="marcorg">DGPO</recordContentSource>
         <recordCreationDate encoding="w3cdtf">2025-02-13</recordCreationDate>
         <recordChangeDate encoding="w3cdtf">2025-02-13</recordChangeDate>
         <recordIdentifier source="DGPO">CHRG-118shrg57777</recordIdentifier>
         <recordOrigin>machine generated</recordOrigin>
         <languageOfCataloging>
              <languageTerm type="code" authority="iso639-2b">eng</languageTerm>
        </languageOfCataloging>
    </recordInfo>
    <accessCondition type="GPO scope determination">fdlp</accessCondition>
    <extension>
         <docClass>SHRG</docClass>
         <accessId>CHRG-118shrg57777</accessId>
         <type>G</type>
         <chamber>SENATE</chamber>
         <congress years="2023-2024">118</congress>
         <session>2</session>
         <number>521</number>
         <heldDate>2024-09-19</heldDate>
         <preferredCitation>S. Hrg. 118-521</preferredCitation>
    </extension>
    <extension>
         <searchTitle>FIGHTING FRAUD: HOW SCAMMERS ARE STEALING FROM OLDER ADULTS</searchTitle>
         <granuleClass>OTHERPART</granuleClass>
         <accessId>CHRG-118shrg57777</accessId>
         <graphicsInPDF>true</graphicsInPDF>
         <isAppropriation>false</isAppropriation>
         <congSerial chamber="S" congress="118" number="23"></congSerial>
         <jacketId>57-777</jacketId>
         <congCommittee authorityId="spag00" chamber="S" congress="118" type="P">
                                    
              <name type="authority-standard">Special Committee on Aging</name>
                                    
              <name type="authority-short">Aging (Special)</name>
                                
        </congCommittee>
         <congMember bioGuideId="B001277" chamber="S" congress="118" party="D" role="COMMMEMBER" state="CT">
                                    
              <name type="parsed">RICHARD BLUMENTHAL of Connecticut</name>
                                    
              <name type="authority-fnf">Richard Blumenthal</name>
                                    
              <name type="authority-lnf">Blumenthal, Richard</name>
                                
        </congMember>
         <congMember bioGuideId="B001310" chamber="S" congress="118" party="R" role="COMMMEMBER" state="IN">
                                    
              <name type="parsed">MIKE BRAUN of Indiana</name>
                                    
              <name type="authority-fnf">Mike Braun</name>
                                    
              <name type="authority-lnf">Braun, Mike</name>
                                
        </congMember>
         <congMember bioGuideId="F000479" chamber="S" congress="118" party="D" role="COMMMEMBER" state="PA">
                                    
              <name type="parsed">JOHN FETTERMAN of Pennsylvania</name>
                                    
              <name type="authority-fnf">John Fetterman</name>
                                    
              <name type="authority-lnf">Fetterman, John</name>
                                    
              <name type="authority-other">Mr. John K. Fetterman</name>
                                
        </congMember>
         <congMember bioGuideId="G000555" chamber="S" congress="118" party="D" role="COMMMEMBER" state="NY">
                                    
              <name type="parsed">KIRSTEN E. GILLIBRAND of New York</name>
                                    
              <name type="authority-fnf">Kirsten E. Gillibrand</name>
                                    
              <name type="authority-lnf">Gillibrand, Kirsten E.</name>
                                    
              <name type="authority-other">Mrs. Kirsten Gillibrand</name>
                                
        </congMember>
         <congMember bioGuideId="K000377" chamber="S" congress="118" party="D" role="COMMMEMBER" state="AZ">
                                    
              <name type="parsed">MARK KELLY of Arizona</name>
                                    
              <name type="authority-fnf">Mark Kelly</name>
                                    
              <name type="authority-lnf">Kelly, Mark</name>
                                
        </congMember>
         <congMember bioGuideId="R000595" chamber="S" congress="118" party="R" role="COMMMEMBER" state="FL">
                                    
              <name type="parsed">MARCO RUBIO of Florida</name>
                                    
              <name type="authority-fnf">Marco Rubio</name>
                                    
              <name type="authority-lnf">Rubio, Marco</name>
                                
        </congMember>
         <congMember bioGuideId="R000618" chamber="S" congress="118" party="R" role="COMMMEMBER" state="NE">
                                    
              <name type="parsed">PETE RICKETTS of Nebraska</name>
                                    
              <name type="authority-fnf">Pete Ricketts</name>
                                    
              <name type="authority-lnf">Ricketts, Pete</name>
                                
        </congMember>
         <congMember bioGuideId="S001184" chamber="S" congress="118" party="R" role="COMMMEMBER" state="SC">
                                    
              <name type="parsed">TIM SCOTT of South Carolina</name>
                                    
              <name type="authority-fnf">Tim Scott</name>
                                    
              <name type="authority-lnf">Scott, Tim</name>
                                
        </congMember>
         <congMember bioGuideId="S001217" chamber="S" congress="118" party="R" role="COMMMEMBER" state="FL">
                                    
              <name type="parsed">RICK SCOTT of Florida</name>
                                    
              <name type="authority-fnf">Rick Scott</name>
                                    
              <name type="authority-lnf">Scott, Rick</name>
                                
        </congMember>
         <congMember bioGuideId="W000790" chamber="S" congress="118" party="D" role="COMMMEMBER" state="GA">
                                    
              <name type="parsed">RAPHAEL WARNOCK of Georgia</name>
                                    
              <name type="authority-fnf">Raphael G. Warnock</name>
                                    
              <name type="authority-lnf">Warnock, Raphael G.</name>
                                    
              <name type="authority-other">Mr. Raphael Warnock</name>
                                
        </congMember>
         <congMember bioGuideId="W000817" chamber="S" congress="118" party="D" role="COMMMEMBER" state="MA">
                                    
              <name type="parsed">ELIZABETH WARREN of Massachusetts</name>
                                    
              <name type="authority-fnf">Elizabeth Warren</name>
                                    
              <name type="authority-lnf">Warren, Elizabeth</name>
                                    
              <name type="authority-other">Ms. Elizabeth A. Warren</name>
                                
        </congMember>
         <bill congress="118" context="BODY" number="1838" type="S"></bill>
         <bill congress="118" context="BODY" number="4943" type="S"></bill>
         <congReport congress="118" number="61" type="S"></congReport>
         <isNomination>false</isNomination>
         <isErrata>false</isErrata>
    </extension>
    <name type="corporate">
         <namePart>United States</namePart>
         <namePart>Congress</namePart>
         <namePart>Senate</namePart>
         <namePart>Special Committee on Aging</namePart>
         <role>
              <roleTerm authority="marcrelator" type="text">associated name</roleTerm>
              <roleTerm authority="marcrelator" type="code">asn</roleTerm>
        </role>
         <description>Government Organization</description>
    </name>
    <name type="personal">
         <namePart>Richard Blumenthal</namePart>
         <affiliation>United States Senate</affiliation>
         <role>
              <roleTerm type="text">committee member</roleTerm>
        </role>
         <description>United States Congressional Member</description>
    </name>
    <name type="personal">
         <namePart>Mike Braun</namePart>
         <affiliation>United States Senate</affiliation>
         <role>
              <roleTerm type="text">committee member</roleTerm>
        </role>
         <description>United States Congressional Member</description>
    </name>
    <name type="personal">
         <namePart>John Fetterman</namePart>
         <affiliation>United States Senate</affiliation>
         <role>
              <roleTerm type="text">committee member</roleTerm>
        </role>
         <description>United States Congressional Member</description>
    </name>
    <name type="personal">
         <namePart>Kirsten E. Gillibrand</namePart>
         <affiliation>United States Senate</affiliation>
         <role>
              <roleTerm type="text">committee member</roleTerm>
        </role>
         <description>United States Congressional Member</description>
    </name>
    <name type="personal">
         <namePart>Mark Kelly</namePart>
         <affiliation>United States Senate</affiliation>
         <role>
              <roleTerm type="text">committee member</roleTerm>
        </role>
         <description>United States Congressional Member</description>
    </name>
    <name type="personal">
         <namePart>Marco Rubio</namePart>
         <affiliation>United States Senate</affiliation>
         <role>
              <roleTerm type="text">committee member</roleTerm>
        </role>
         <description>United States Congressional Member</description>
    </name>
    <name type="personal">
         <namePart>Pete Ricketts</namePart>
         <affiliation>United States Senate</affiliation>
         <role>
              <roleTerm type="text">committee member</roleTerm>
        </role>
         <description>United States Congressional Member</description>
    </name>
    <name type="personal">
         <namePart>Tim Scott</namePart>
         <affiliation>United States Senate</affiliation>
         <role>
              <roleTerm type="text">committee member</roleTerm>
        </role>
         <description>United States Congressional Member</description>
    </name>
    <name type="personal">
         <namePart>Rick Scott</namePart>
         <affiliation>United States Senate</affiliation>
         <role>
              <roleTerm type="text">committee member</roleTerm>
        </role>
         <description>United States Congressional Member</description>
    </name>
    <name type="personal">
         <namePart>Raphael G. Warnock</namePart>
         <affiliation>United States Senate</affiliation>
         <role>
              <roleTerm type="text">committee member</roleTerm>
        </role>
         <description>United States Congressional Member</description>
    </name>
    <name type="personal">
         <namePart>Elizabeth Warren</namePart>
         <affiliation>United States Senate</affiliation>
         <role>
              <roleTerm type="text">committee member</roleTerm>
        </role>
         <description>United States Congressional Member</description>
    </name>
    <relatedItem type="isReferencedBy">
         <identifier type="Jacket citation"></identifier>
    </relatedItem>
    <relatedItem type="isReferencedBy">
         <titleInfo>
              <title>United States Senate Bill 1838 (118th Congress)</title>
        </titleInfo>
         <identifier type="Congressional Bill citation">S. 1838</identifier>
         <extension>
              <congress>118</congress>
              <context>BODY</context>
        </extension>
    </relatedItem>
    <relatedItem type="isReferencedBy">
         <titleInfo>
              <title>United States Senate Bill 4943 (118th Congress)</title>
        </titleInfo>
         <identifier type="Congressional Bill citation">S. 4943</identifier>
         <extension>
              <congress>118</congress>
              <context>BODY</context>
        </extension>
    </relatedItem>
    <relatedItem type="isReferencedBy">
         <titleInfo>
              <title>United States Senate Report 61 (118th Congress)</title>
        </titleInfo>
         <identifier type="congressional report citation">S. Rept. 118-61</identifier>
    </relatedItem>
    <relatedItem type="isReferencedBy">
         <titleInfo>
              <title>United States Congress Serial Number 23 (118th Congress)</title>
        </titleInfo>
         <identifier type="congressional serial number">Serial No. 118-23</identifier>
    </relatedItem>
</mods>