<mods xmlns:xlink="http://www.w3.org/1999/xlink" xmlns:exslt="http://exslt.org/common" xmlns:xsi="http://www.w3.org/2001/XMLSchema-instance" xmlns="http://www.loc.gov/mods/v3" version="3.3" xsi:schemaLocation="http://www.loc.gov/mods/v3 http://www.loc.gov/standards/mods/v3/mods-3-3.xsd" ID="P0b002ee1cfb66403">
    <name type="corporate">
         <namePart>United States Government Publishing Office</namePart>
         <role>
              <roleTerm authority="marcrelator" type="text">publisher</roleTerm>
              <roleTerm authority="marcrelator" type="code">pbl</roleTerm>
        </role>
         <role>
              <roleTerm authority="marcrelator" type="text">distributor</roleTerm>
              <roleTerm authority="marcrelator" type="code">dst</roleTerm>
        </role>
    </name>
    <name type="corporate">
         <namePart>United States</namePart>
         <namePart>Congress</namePart>
         <namePart>House of Representatives</namePart>
         <role>
              <roleTerm authority="marcrelator" type="text">author</roleTerm>
              <roleTerm authority="marcrelator" type="code">aut</roleTerm>
        </role>
         <description>Government Organization</description>
    </name>
    <typeOfResource>text</typeOfResource>
    <genre authority="marcgt">government publication</genre>
    <language>
         <languageTerm type="code" authority="iso639-2b">eng</languageTerm>
    </language>
    <extension>
         <collectionCode>CHRG</collectionCode>
         <category>Congressional Committee Materials</category>
         <waisDatabaseName>118_house_hearings</waisDatabaseName>
         <branch>legislative</branch>
         <dateIngested>2025-02-06</dateIngested>
    </extension>
    <titleInfo>
         <title>EXPOSING THE TRUTH ON LNG: HOW THE ADMINISTRATION PLAYED POLITICS WITH AMERICA&apos;S ENERGY FUTURE</title>
    </titleInfo>
    <titleInfo type="alternative"></titleInfo>
    <location>
         <url displayLabel="Content Detail" access="object in context">https://www.govinfo.gov/app/details/CHRG-118hhrg57718</url>
         <url displayLabel="HTML rendition" access="raw object">https://www.govinfo.gov/content/pkg/CHRG-118hhrg57718/html/CHRG-118hhrg57718.htm</url>
         <url displayLabel="PDF rendition" access="raw object">https://www.govinfo.gov/content/pkg/CHRG-118hhrg57718/pdf/CHRG-118hhrg57718.pdf</url>
    </location>
    <originInfo>
         <publisher>U.S. Government Publishing Office</publisher>
         <dateIssued encoding="w3cdtf">2024-12-04</dateIssued>
         <issuance>monographic</issuance>
    </originInfo>
    <physicalDescription>
         <note type="source content type">deposited</note>
         <digitalOrigin>born digital</digitalOrigin>
         <extent>30 digital object pages</extent>
    </physicalDescription>
    <classification authority="sudocs">Y 4.OV 2:</classification>
    <identifier type="uri">https://www.govinfo.gov/app/details/CHRG-118hhrg57718</identifier>
    <identifier type="local">P0b002ee1cfb66403</identifier>
    <identifier type="former package identifier">f:57718.txt</identifier>
    <recordInfo>
         <recordContentSource authority="marcorg">DGPO</recordContentSource>
         <recordCreationDate encoding="w3cdtf">2025-02-06</recordCreationDate>
         <recordChangeDate encoding="w3cdtf">2025-02-06</recordChangeDate>
         <recordIdentifier source="DGPO">CHRG-118hhrg57718</recordIdentifier>
         <recordOrigin>machine generated</recordOrigin>
         <languageOfCataloging>
              <languageTerm type="code" authority="iso639-2b">eng</languageTerm>
        </languageOfCataloging>
    </recordInfo>
    <accessCondition type="GPO scope determination">fdlp</accessCondition>
    <extension>
         <docClass>HHRG</docClass>
         <accessId>CHRG-118hhrg57718</accessId>
         <type>G</type>
         <chamber>HOUSE</chamber>
         <congress years="2023-2024">118</congress>
         <session>2</session>
         <heldDate>2024-12-04</heldDate>
         <preferredCitation>Serial No. 118-138</preferredCitation>
    </extension>
    <extension>
         <searchTitle>EXPOSING THE TRUTH ON LNG: HOW THE ADMINISTRATION PLAYED POLITICS WITH AMERICA&apos;S ENERGY FUTURE</searchTitle>
         <granuleClass>OTHERPART</granuleClass>
         <accessId>CHRG-118hhrg57718</accessId>
         <graphicsInPDF>true</graphicsInPDF>
         <witness>Brad Crabtree, Assistant Secretary, Office of Fossil Energy and Carbon Management, U.S. Department of Energy</witness>
         <witness>John Podesta, Senior Advisor to the President for International Climate Policy, The White House (Invited)</witness>
         <isAppropriation>false</isAppropriation>
         <congSerial chamber="H" congress="118" number="138"></congSerial>
         <jacketId>57-718</jacketId>
         <congCommittee authorityId="hsgo00" chamber="H" congress="118" type="S">
                                    
              <name type="authority-standard">Committee on Oversight and Accountability</name>
                                    
              <name type="authority-short">Oversight and Accountability</name>
                                    
              <subCommittee>
                                            
                   <name type="parsed">Subcommittee on Economic Growth, Energy Policy, and Regulatory Affairs</name>
                                        
            </subCommittee>
                                
        </congCommittee>
         <congMember bioGuideId="B000825" chamber="H" congress="118" party="R" role="COMMMEMBER" state="CO">
                                    
              <name type="parsed">Lauren Boebert of Colorado</name>
                                    
              <name type="authority-fnf">Lauren Boebert</name>
                                    
              <name type="authority-lnf">Boebert, Lauren</name>
                                
        </congMember>
         <congMember bioGuideId="B001224" chamber="H" congress="118" party="D" role="COMMMEMBER" state="MO">
                                    
              <name type="parsed">Cori Bush of Missouri</name>
                                    
              <name type="authority-fnf">Cori Bush</name>
                                    
              <name type="authority-lnf">Bush, Cori</name>
                                
        </congMember>
         <congMember bioGuideId="B001302" chamber="H" congress="118" party="R" role="COMMMEMBER" state="AZ">
                                    
              <name type="parsed">Andy Biggs of Arizona</name>
                                    
              <name type="authority-fnf">Andy Biggs</name>
                                    
              <name type="authority-lnf">Biggs, Andy</name>
                                
        </congMember>
         <congMember bioGuideId="B001309" chamber="H" congress="118" party="R" role="COMMMEMBER" state="TN">
                                    
              <name type="parsed">Tim Burchett of Tennessee</name>
                                    
              <name type="authority-fnf">Tim Burchett</name>
                                    
              <name type="authority-lnf">Burchett, Tim</name>
                                
        </congMember>
         <congMember bioGuideId="B001313" chamber="H" congress="118" party="D" role="COMMMEMBER" state="OH">
                                    
              <name type="parsed">Shontel Brown of Ohio</name>
                                    
              <name type="authority-fnf">Shontel M. Brown</name>
                                    
              <name type="authority-lnf">Brown, Shontel M.</name>
                                    
              <name type="authority-other">Ms. Shontel Brown</name>
                                
        </congMember>
         <congMember bioGuideId="B001316" chamber="H" congress="118" party="R" role="COMMMEMBER" state="MO">
                                    
              <name type="parsed">Eric Burlison of Missouri</name>
                                    
              <name type="authority-fnf">Eric Burlison</name>
                                    
              <name type="authority-lnf">Burlison, Eric</name>
                                
        </congMember>
         <congMember bioGuideId="C001078" chamber="H" congress="118" party="D" role="COMMMEMBER" state="VA">
                                    
              <name type="parsed">Gerald E. Connolly of Virginia</name>
                                    
              <name type="authority-fnf">Gerald E. Connolly</name>
                                    
              <name type="authority-lnf">Connolly, Gerald E.</name>
                                    
              <name type="authority-other">Mr. Gerald Connolly</name>
                                
        </congMember>
         <congMember bioGuideId="C001108" chamber="H" congress="118" party="R" role="COMMMEMBER" state="KY">
                                    
              <name type="parsed">JAMES COMER of Kentucky</name>
                                    
              <name type="authority-fnf">James Comer</name>
                                    
              <name type="authority-lnf">Comer, James</name>
                                
        </congMember>
         <congMember bioGuideId="C001115" chamber="H" congress="118" party="R" role="COMMMEMBER" state="TX">
                                    
              <name type="parsed">Michael Cloud of Texas</name>
                                    
              <name type="authority-fnf">Michael Cloud</name>
                                    
              <name type="authority-lnf">Cloud, Michael</name>
                                
        </congMember>
         <congMember bioGuideId="C001130" chamber="H" congress="118" party="D" role="COMMMEMBER" state="TX">
                                    
              <name type="parsed">Jasmine Crockett of Texas</name>
                                    
              <name type="authority-fnf">Jasmine Crockett</name>
                                    
              <name type="authority-lnf">Crockett, Jasmine</name>
                                
        </congMember>
         <congMember bioGuideId="C001131" chamber="H" congress="118" party="D" role="COMMMEMBER" state="TX">
                                    
              <name type="parsed">Greg Casar of Texas</name>
                                    
              <name type="authority-fnf">Greg Casar</name>
                                    
              <name type="authority-lnf">Casar, Greg</name>
                                
        </congMember>
         <congMember bioGuideId="D000032" chamber="H" congress="118" party="R" role="COMMMEMBER" state="FL">
                                    
              <name type="parsed">Byron Donalds of Florida</name>
                                    
              <name type="authority-fnf">Byron Donalds</name>
                                    
              <name type="authority-lnf">Donalds, Byron</name>
                                
        </congMember>
         <congMember bioGuideId="F000246" chamber="H" congress="118" party="R" role="COMMMEMBER" state="TX">
                                    
              <name type="parsed">Pat Fallon of Texas</name>
                                    
              <name type="authority-fnf">Pat Fallon</name>
                                    
              <name type="authority-lnf">Fallon, Pat</name>
                                
        </congMember>
         <congMember bioGuideId="F000450" chamber="H" congress="118" party="R" role="COMMMEMBER" state="NC">
                                    
              <name type="parsed">Virginia Foxx of North Carolina</name>
                                    
              <name type="authority-fnf">Virginia Foxx</name>
                                    
              <name type="authority-lnf">Foxx, Virginia</name>
                                
        </congMember>
         <congMember bioGuideId="F000476" chamber="H" congress="118" party="D" role="COMMMEMBER" state="FL">
                                    
              <name type="parsed">Maxwell Frost of Florida</name>
                                    
              <name type="authority-fnf">Maxwell Frost</name>
                                    
              <name type="authority-lnf">Frost, Maxwell</name>
                                
        </congMember>
         <congMember bioGuideId="F000478" chamber="H" congress="118" party="R" role="COMMMEMBER" state="SC">
                                    
              <name type="parsed">Russell Fry of South Carolina</name>
                                    
              <name type="authority-fnf">Russell Fry</name>
                                    
              <name type="authority-lnf">Fry, Russell</name>
                                
        </congMember>
         <congMember bioGuideId="G000565" chamber="H" congress="118" party="R" role="COMMMEMBER" state="AZ">
                                    
              <name type="parsed">Paul Gosar of Arizona</name>
                                    
              <name type="authority-fnf">Paul A. Gosar</name>
                                    
              <name type="authority-lnf">Gosar, Paul A.</name>
                                    
              <name type="authority-other">Mr. Paul Gosar</name>
                                
        </congMember>
         <congMember bioGuideId="G000576" chamber="H" congress="118" party="R" role="COMMMEMBER" state="WI">
                                    
              <name type="parsed">Glenn Grothman of Wisconsin</name>
                                    
              <name type="authority-fnf">Glenn Grothman</name>
                                    
              <name type="authority-lnf">Grothman, Glenn</name>
                                
        </congMember>
         <congMember bioGuideId="G000596" chamber="H" congress="118" party="R" role="COMMMEMBER" state="GA">
                                    
              <name type="parsed">Marjorie Taylor Greene of Georgia</name>
                                    
              <name type="authority-fnf">Marjorie Taylor Greene</name>
                                    
              <name type="authority-lnf">Greene, Marjorie Taylor</name>
                                    
              <name type="authority-other">Ms. Marjorie Greene</name>
                                
        </congMember>
         <congMember bioGuideId="G000598" chamber="H" congress="118" party="D" role="COMMMEMBER" state="CA">
                                    
              <name type="parsed">Robert Garcia of California</name>
                                    
              <name type="authority-fnf">Robert Garcia</name>
                                    
              <name type="authority-lnf">Garcia, Robert</name>
                                
        </congMember>
         <congMember bioGuideId="G000599" chamber="H" congress="118" party="D" role="COMMMEMBER" state="NY">
                                    
              <name type="parsed">Dan Goldman of New York</name>
                                    
              <name type="authority-fnf">Daniel S. Goldman</name>
                                    
              <name type="authority-lnf">Goldman, Daniel S.</name>
                                    
              <name type="authority-other">Mr. Daniel Goldman</name>
                                
        </congMember>
         <congMember bioGuideId="H001077" chamber="H" congress="118" party="R" role="COMMMEMBER" state="LA">
                                    
              <name type="parsed">Clay Higgins of Louisiana</name>
                                    
              <name type="authority-fnf">Clay Higgins</name>
                                    
              <name type="authority-lnf">Higgins, Clay</name>
                                
        </congMember>
         <congMember bioGuideId="J000289" chamber="H" congress="118" party="R" role="COMMMEMBER" state="OH">
                                    
              <name type="parsed">Jim Jordan of Ohio</name>
                                    
              <name type="authority-fnf">Jim Jordan</name>
                                    
              <name type="authority-lnf">Jordan, Jim</name>
                                
        </congMember>
         <congMember bioGuideId="K000389" chamber="H" congress="118" party="D" role="COMMMEMBER" state="CA">
                                    
              <name type="parsed">Ro Khanna of California</name>
                                    
              <name type="authority-fnf">Ro Khanna</name>
                                    
              <name type="authority-lnf">Khanna, Ro</name>
                                
        </congMember>
         <congMember bioGuideId="K000391" chamber="H" congress="118" party="D" role="COMMMEMBER" state="IL">
                                    
              <name type="parsed">Raja Krishnamoorthi of Illinois</name>
                                    
              <name type="authority-fnf">Raja Krishnamoorthi</name>
                                    
              <name type="authority-lnf">Krishnamoorthi, Raja</name>
                                
        </congMember>
         <congMember bioGuideId="L000266" chamber="H" congress="118" party="R" role="COMMMEMBER" state="KS">
                                    
              <name type="parsed">Jake LaTurner of Kansas</name>
                                    
              <name type="authority-fnf">Jake LaTurner</name>
                                    
              <name type="authority-lnf">LaTurner, Jake</name>
                                
        </congMember>
         <congMember bioGuideId="L000562" chamber="H" congress="118" party="D" role="COMMMEMBER" state="MA">
                                    
              <name type="parsed">Stephen F. Lynch of Massachusetts</name>
                                    
              <name type="authority-fnf">Stephen F. Lynch</name>
                                    
              <name type="authority-lnf">Lynch, Stephen F.</name>
                                    
              <name type="authority-other">Mr. Stephen Lynch</name>
                                
        </congMember>
         <congMember bioGuideId="L000596" chamber="H" congress="118" party="R" role="COMMMEMBER" state="FL">
                                    
              <name type="parsed">Anna Paulina Luna of Florida</name>
                                    
              <name type="authority-fnf">Anna Paulina Luna</name>
                                    
              <name type="authority-lnf">Luna, Anna Paulina</name>
                                
        </congMember>
         <congMember bioGuideId="L000600" chamber="H" congress="118" party="R" role="COMMMEMBER" state="NY">
                                    
              <name type="parsed">Nick Langworthy of New York</name>
                                    
              <name type="authority-fnf">Nicholas A. Langworthy</name>
                                    
              <name type="authority-lnf">Langworthy, Nicholas A.</name>
                                    
              <name type="authority-other">Mr. Nicholas Langworthy</name>
                                
        </congMember>
         <congMember bioGuideId="L000602" chamber="H" congress="118" party="D" role="COMMMEMBER" state="PA">
                                    
              <name type="parsed">Summer Lee of Pennsylvania</name>
                                    
              <name type="authority-fnf">Summer L. Lee</name>
                                    
              <name type="authority-lnf">Lee, Summer L.</name>
                                    
              <name type="authority-other">Ms. Summer Lee</name>
                                
        </congMember>
         <congMember bioGuideId="M000194" chamber="H" congress="118" party="R" role="COMMMEMBER" state="SC">
                                    
              <name type="parsed">Nancy Mace of South Carolina</name>
                                    
              <name type="authority-fnf">Nancy Mace</name>
                                    
              <name type="authority-lnf">Mace, Nancy</name>
                                
        </congMember>
         <congMember bioGuideId="M000687" chamber="H" congress="118" party="D" role="COMMMEMBER" state="MD">
                                    
              <name type="parsed">Kweisi Mfume of Maryland</name>
                                    
              <name type="authority-fnf">Kweisi Mfume</name>
                                    
              <name type="authority-lnf">Mfume, Kweisi</name>
                                
        </congMember>
         <congMember bioGuideId="M001136" chamber="H" congress="118" party="R" role="COMMMEMBER" state="MI">
                                    
              <name type="parsed">Lisa McClain of Michigan</name>
                                    
              <name type="authority-fnf">Lisa C. McClain</name>
                                    
              <name type="authority-lnf">McClain, Lisa C.</name>
                                    
              <name type="authority-other">Mrs. Lisa Mcclain</name>
                                
        </congMember>
         <congMember bioGuideId="M001217" chamber="H" congress="118" party="D" role="COMMMEMBER" state="FL">
                                    
              <name type="parsed">Jared Moskowitz of Florida</name>
                                    
              <name type="authority-fnf">Jared Moskowitz</name>
                                    
              <name type="authority-lnf">Moskowitz, Jared</name>
                                
        </congMember>
         <congMember bioGuideId="O000172" chamber="H" congress="118" party="D" role="COMMMEMBER" state="NY">
                                    
              <name type="parsed">Alexandria Ocasio-Cortez of New York</name>
                                    
              <name type="authority-fnf">Alexandria Ocasio-Cortez</name>
                                    
              <name type="authority-lnf">Ocasio-Cortez, Alexandria</name>
                                
        </congMember>
         <congMember bioGuideId="P000605" chamber="H" congress="118" party="R" role="COMMMEMBER" state="PA">
                                    
              <name type="parsed">Scott Perry of Pennsylvania</name>
                                    
              <name type="authority-fnf">Scott Perry</name>
                                    
              <name type="authority-lnf">Perry, Scott</name>
                                
        </congMember>
         <congMember bioGuideId="P000609" chamber="H" congress="118" party="R" role="COMMMEMBER" state="AL">
                                    
              <name type="parsed">Gary Palmer of Alabama</name>
                                    
              <name type="authority-fnf">Gary J. Palmer</name>
                                    
              <name type="authority-lnf">Palmer, Gary J.</name>
                                    
              <name type="authority-other">Mr. Gary Palmer</name>
                                
        </congMember>
         <congMember bioGuideId="P000617" chamber="H" congress="118" party="D" role="COMMMEMBER" state="MA">
                                    
              <name type="parsed">Ayanna Pressley of Massachusetts</name>
                                    
              <name type="authority-fnf">Ayanna Pressley</name>
                                    
              <name type="authority-lnf">Pressley, Ayanna</name>
                                
        </congMember>
         <congMember bioGuideId="P000618" chamber="H" congress="118" party="D" role="COMMMEMBER" state="CA">
                                    
              <name type="parsed">Katie Porter of California</name>
                                    
              <name type="authority-fnf">Katie Porter</name>
                                    
              <name type="authority-lnf">Porter, Katie</name>
                                
        </congMember>
         <congMember bioGuideId="R000606" chamber="H" congress="118" party="D" role="COMMMEMBER" state="MD">
                                    
              <name type="parsed">Jamie Raskin of Maryland</name>
                                    
              <name type="authority-fnf">Jamie Raskin</name>
                                    
              <name type="authority-lnf">Raskin, Jamie</name>
                                
        </congMember>
         <congMember bioGuideId="S000250" chamber="H" congress="118" party="R" role="COMMMEMBER" state="TX">
                                    
              <name type="parsed">Pete Sessions of Texas</name>
                                    
              <name type="authority-fnf">Pete Sessions</name>
                                    
              <name type="authority-lnf">Sessions, Pete</name>
                                
        </congMember>
         <congMember bioGuideId="S001218" chamber="H" congress="118" party="D" role="COMMMEMBER" state="NM">
                                    
              <name type="parsed">Melanie Stansbury of New Mexico</name>
                                    
              <name type="authority-fnf">Melanie A. Stansbury</name>
                                    
              <name type="authority-lnf">Stansbury, Melanie A.</name>
                                    
              <name type="authority-other">Ms. Melanie Stansbury</name>
                                
        </congMember>
         <congMember bioGuideId="T000463" chamber="H" congress="118" party="R" role="COMMMEMBER" state="OH">
                                    
              <name type="parsed">Mike Turner of Ohio</name>
                                    
              <name type="authority-fnf">Michael R. Turner</name>
                                    
              <name type="authority-lnf">Turner, Michael R.</name>
                                    
              <name type="authority-other">Mr. Michael Turner</name>
                                
        </congMember>
         <congMember bioGuideId="T000480" chamber="H" congress="118" party="R" role="COMMMEMBER" state="SC">
                                    
              <name type="parsed">William Timmons of South Carolina</name>
                                    
              <name type="authority-fnf">William R. Timmons IV</name>
                                    
              <name type="authority-lnf">Timmons, William R.</name>
                                    
              <name type="authority-other">Mr. William Timmons IV</name>
                                
        </congMember>
         <congMember bioGuideId="T000481" chamber="H" congress="118" party="D" role="COMMMEMBER" state="MI">
                                    
              <name type="parsed">Rashida Tlaib of Michigan</name>
                                    
              <name type="authority-fnf">Rashida Tlaib</name>
                                    
              <name type="authority-lnf">Tlaib, Rashida</name>
                                
        </congMember>
         <congMember bioGuideId="W000823" chamber="H" congress="118" party="R" role="COMMMEMBER" state="FL">
                                    
              <name type="parsed">Mike Waltz of Florida</name>
                                    
              <name type="authority-fnf">Michael Waltz</name>
                                    
              <name type="authority-lnf">Waltz, Michael</name>
                                
        </congMember>
         <isNomination>false</isNomination>
         <isErrata>false</isErrata>
    </extension>
    <name type="corporate">
         <namePart>United States</namePart>
         <namePart>Congress</namePart>
         <namePart>House of Representatives</namePart>
         <namePart>Committee on Oversight and Accountability</namePart>
         <role>
              <roleTerm authority="marcrelator" type="text">associated name</roleTerm>
              <roleTerm authority="marcrelator" type="code">asn</roleTerm>
        </role>
         <description>Government Organization</description>
    </name>
    <name type="personal">
         <namePart>Lauren Boebert</namePart>
         <affiliation>United States House of Representatives</affiliation>
         <role>
              <roleTerm type="text">committee member</roleTerm>
        </role>
         <description>United States Congressional Member</description>
    </name>
    <name type="personal">
         <namePart>Cori Bush</namePart>
         <affiliation>United States House of Representatives</affiliation>
         <role>
              <roleTerm type="text">committee member</roleTerm>
        </role>
         <description>United States Congressional Member</description>
    </name>
    <name type="personal">
         <namePart>Andy Biggs</namePart>
         <affiliation>United States House of Representatives</affiliation>
         <role>
              <roleTerm type="text">committee member</roleTerm>
        </role>
         <description>United States Congressional Member</description>
    </name>
    <name type="personal">
         <namePart>Tim Burchett</namePart>
         <affiliation>United States House of Representatives</affiliation>
         <role>
              <roleTerm type="text">committee member</roleTerm>
        </role>
         <description>United States Congressional Member</description>
    </name>
    <name type="personal">
         <namePart>Shontel M. Brown</namePart>
         <affiliation>United States House of Representatives</affiliation>
         <role>
              <roleTerm type="text">committee member</roleTerm>
        </role>
         <description>United States Congressional Member</description>
    </name>
    <name type="personal">
         <namePart>Eric Burlison</namePart>
         <affiliation>United States House of Representatives</affiliation>
         <role>
              <roleTerm type="text">committee member</roleTerm>
        </role>
         <description>United States Congressional Member</description>
    </name>
    <name type="personal">
         <namePart>Gerald E. Connolly</namePart>
         <affiliation>United States House of Representatives</affiliation>
         <role>
              <roleTerm type="text">committee member</roleTerm>
        </role>
         <description>United States Congressional Member</description>
    </name>
    <name type="personal">
         <namePart>James Comer</namePart>
         <affiliation>United States House of Representatives</affiliation>
         <role>
              <roleTerm type="text">committee member</roleTerm>
        </role>
         <description>United States Congressional Member</description>
    </name>
    <name type="personal">
         <namePart>Michael Cloud</namePart>
         <affiliation>United States House of Representatives</affiliation>
         <role>
              <roleTerm type="text">committee member</roleTerm>
        </role>
         <description>United States Congressional Member</description>
    </name>
    <name type="personal">
         <namePart>Jasmine Crockett</namePart>
         <affiliation>United States House of Representatives</affiliation>
         <role>
              <roleTerm type="text">committee member</roleTerm>
        </role>
         <description>United States Congressional Member</description>
    </name>
    <name type="personal">
         <namePart>Greg Casar</namePart>
         <affiliation>United States House of Representatives</affiliation>
         <role>
              <roleTerm type="text">committee member</roleTerm>
        </role>
         <description>United States Congressional Member</description>
    </name>
    <name type="personal">
         <namePart>Byron Donalds</namePart>
         <affiliation>United States House of Representatives</affiliation>
         <role>
              <roleTerm type="text">committee member</roleTerm>
        </role>
         <description>United States Congressional Member</description>
    </name>
    <name type="personal">
         <namePart>Pat Fallon</namePart>
         <affiliation>United States House of Representatives</affiliation>
         <role>
              <roleTerm type="text">committee member</roleTerm>
        </role>
         <description>United States Congressional Member</description>
    </name>
    <name type="personal">
         <namePart>Virginia Foxx</namePart>
         <affiliation>United States House of Representatives</affiliation>
         <role>
              <roleTerm type="text">committee member</roleTerm>
        </role>
         <description>United States Congressional Member</description>
    </name>
    <name type="personal">
         <namePart>Maxwell Frost</namePart>
         <affiliation>United States House of Representatives</affiliation>
         <role>
              <roleTerm type="text">committee member</roleTerm>
        </role>
         <description>United States Congressional Member</description>
    </name>
    <name type="personal">
         <namePart>Russell Fry</namePart>
         <affiliation>United States House of Representatives</affiliation>
         <role>
              <roleTerm type="text">committee member</roleTerm>
        </role>
         <description>United States Congressional Member</description>
    </name>
    <name type="personal">
         <namePart>Paul A. Gosar</namePart>
         <affiliation>United States House of Representatives</affiliation>
         <role>
              <roleTerm type="text">committee member</roleTerm>
        </role>
         <description>United States Congressional Member</description>
    </name>
    <name type="personal">
         <namePart>Glenn Grothman</namePart>
         <affiliation>United States House of Representatives</affiliation>
         <role>
              <roleTerm type="text">committee member</roleTerm>
        </role>
         <description>United States Congressional Member</description>
    </name>
    <name type="personal">
         <namePart>Marjorie Taylor Greene</namePart>
         <affiliation>United States House of Representatives</affiliation>
         <role>
              <roleTerm type="text">committee member</roleTerm>
        </role>
         <description>United States Congressional Member</description>
    </name>
    <name type="personal">
         <namePart>Robert Garcia</namePart>
         <affiliation>United States House of Representatives</affiliation>
         <role>
              <roleTerm type="text">committee member</roleTerm>
        </role>
         <description>United States Congressional Member</description>
    </name>
    <name type="personal">
         <namePart>Daniel S. Goldman</namePart>
         <affiliation>United States House of Representatives</affiliation>
         <role>
              <roleTerm type="text">committee member</roleTerm>
        </role>
         <description>United States Congressional Member</description>
    </name>
    <name type="personal">
         <namePart>Clay Higgins</namePart>
         <affiliation>United States House of Representatives</affiliation>
         <role>
              <roleTerm type="text">committee member</roleTerm>
        </role>
         <description>United States Congressional Member</description>
    </name>
    <name type="personal">
         <namePart>Jim Jordan</namePart>
         <affiliation>United States House of Representatives</affiliation>
         <role>
              <roleTerm type="text">committee member</roleTerm>
        </role>
         <description>United States Congressional Member</description>
    </name>
    <name type="personal">
         <namePart>Ro Khanna</namePart>
         <affiliation>United States House of Representatives</affiliation>
         <role>
              <roleTerm type="text">committee member</roleTerm>
        </role>
         <description>United States Congressional Member</description>
    </name>
    <name type="personal">
         <namePart>Raja Krishnamoorthi</namePart>
         <affiliation>United States House of Representatives</affiliation>
         <role>
              <roleTerm type="text">committee member</roleTerm>
        </role>
         <description>United States Congressional Member</description>
    </name>
    <name type="personal">
         <namePart>Jake LaTurner</namePart>
         <affiliation>United States House of Representatives</affiliation>
         <role>
              <roleTerm type="text">committee member</roleTerm>
        </role>
         <description>United States Congressional Member</description>
    </name>
    <name type="personal">
         <namePart>Stephen F. Lynch</namePart>
         <affiliation>United States House of Representatives</affiliation>
         <role>
              <roleTerm type="text">committee member</roleTerm>
        </role>
         <description>United States Congressional Member</description>
    </name>
    <name type="personal">
         <namePart>Anna Paulina Luna</namePart>
         <affiliation>United States House of Representatives</affiliation>
         <role>
              <roleTerm type="text">committee member</roleTerm>
        </role>
         <description>United States Congressional Member</description>
    </name>
    <name type="personal">
         <namePart>Nicholas A. Langworthy</namePart>
         <affiliation>United States House of Representatives</affiliation>
         <role>
              <roleTerm type="text">committee member</roleTerm>
        </role>
         <description>United States Congressional Member</description>
    </name>
    <name type="personal">
         <namePart>Summer L. Lee</namePart>
         <affiliation>United States House of Representatives</affiliation>
         <role>
              <roleTerm type="text">committee member</roleTerm>
        </role>
         <description>United States Congressional Member</description>
    </name>
    <name type="personal">
         <namePart>Nancy Mace</namePart>
         <affiliation>United States House of Representatives</affiliation>
         <role>
              <roleTerm type="text">committee member</roleTerm>
        </role>
         <description>United States Congressional Member</description>
    </name>
    <name type="personal">
         <namePart>Kweisi Mfume</namePart>
         <affiliation>United States House of Representatives</affiliation>
         <role>
              <roleTerm type="text">committee member</roleTerm>
        </role>
         <description>United States Congressional Member</description>
    </name>
    <name type="personal">
         <namePart>Lisa C. McClain</namePart>
         <affiliation>United States House of Representatives</affiliation>
         <role>
              <roleTerm type="text">committee member</roleTerm>
        </role>
         <description>United States Congressional Member</description>
    </name>
    <name type="personal">
         <namePart>Jared Moskowitz</namePart>
         <affiliation>United States House of Representatives</affiliation>
         <role>
              <roleTerm type="text">committee member</roleTerm>
        </role>
         <description>United States Congressional Member</description>
    </name>
    <name type="personal">
         <namePart>Alexandria Ocasio-Cortez</namePart>
         <affiliation>United States House of Representatives</affiliation>
         <role>
              <roleTerm type="text">committee member</roleTerm>
        </role>
         <description>United States Congressional Member</description>
    </name>
    <name type="personal">
         <namePart>Scott Perry</namePart>
         <affiliation>United States House of Representatives</affiliation>
         <role>
              <roleTerm type="text">committee member</roleTerm>
        </role>
         <description>United States Congressional Member</description>
    </name>
    <name type="personal">
         <namePart>Gary J. Palmer</namePart>
         <affiliation>United States House of Representatives</affiliation>
         <role>
              <roleTerm type="text">committee member</roleTerm>
        </role>
         <description>United States Congressional Member</description>
    </name>
    <name type="personal">
         <namePart>Ayanna Pressley</namePart>
         <affiliation>United States House of Representatives</affiliation>
         <role>
              <roleTerm type="text">committee member</roleTerm>
        </role>
         <description>United States Congressional Member</description>
    </name>
    <name type="personal">
         <namePart>Katie Porter</namePart>
         <affiliation>United States House of Representatives</affiliation>
         <role>
              <roleTerm type="text">committee member</roleTerm>
        </role>
         <description>United States Congressional Member</description>
    </name>
    <name type="personal">
         <namePart>Jamie Raskin</namePart>
         <affiliation>United States House of Representatives</affiliation>
         <role>
              <roleTerm type="text">committee member</roleTerm>
        </role>
         <description>United States Congressional Member</description>
    </name>
    <name type="personal">
         <namePart>Pete Sessions</namePart>
         <affiliation>United States House of Representatives</affiliation>
         <role>
              <roleTerm type="text">committee member</roleTerm>
        </role>
         <description>United States Congressional Member</description>
    </name>
    <name type="personal">
         <namePart>Melanie A. Stansbury</namePart>
         <affiliation>United States House of Representatives</affiliation>
         <role>
              <roleTerm type="text">committee member</roleTerm>
        </role>
         <description>United States Congressional Member</description>
    </name>
    <name type="personal">
         <namePart>Michael R. Turner</namePart>
         <affiliation>United States House of Representatives</affiliation>
         <role>
              <roleTerm type="text">committee member</roleTerm>
        </role>
         <description>United States Congressional Member</description>
    </name>
    <name type="personal">
         <namePart>William R. Timmons IV</namePart>
         <affiliation>United States House of Representatives</affiliation>
         <role>
              <roleTerm type="text">committee member</roleTerm>
        </role>
         <description>United States Congressional Member</description>
    </name>
    <name type="personal">
         <namePart>Rashida Tlaib</namePart>
         <affiliation>United States House of Representatives</affiliation>
         <role>
              <roleTerm type="text">committee member</roleTerm>
        </role>
         <description>United States Congressional Member</description>
    </name>
    <name type="personal">
         <namePart>Michael Waltz</namePart>
         <affiliation>United States House of Representatives</affiliation>
         <role>
              <roleTerm type="text">committee member</roleTerm>
        </role>
         <description>United States Congressional Member</description>
    </name>
    <name type="personal">
         <namePart>Brad Crabtree, Assistant Secretary, Office of Fossil Energy and Carbon Management, U.S. Department of Energy</namePart>
         <role>
              <roleTerm authority="marcrelator" type="text">witness</roleTerm>
              <roleTerm authority="marcrelator" type="code">wit</roleTerm>
        </role>
         <description>Hearing Witness</description>
    </name>
    <name type="personal">
         <namePart>John Podesta, Senior Advisor to the President for International Climate Policy, The White House (Invited)</namePart>
         <role>
              <roleTerm authority="marcrelator" type="text">witness</roleTerm>
              <roleTerm authority="marcrelator" type="code">wit</roleTerm>
        </role>
         <description>Hearing Witness</description>
    </name>
    <relatedItem type="isReferencedBy">
         <identifier type="Jacket citation"></identifier>
    </relatedItem>
    <relatedItem type="isReferencedBy">
         <titleInfo>
              <title>United States Congress Serial Number 138 (118th Congress)</title>
        </titleInfo>
         <identifier type="congressional serial number">Serial No. 118-138</identifier>
    </relatedItem>
</mods>