<?xml version="1.0" encoding="UTF-8"?><mets xmlns="http://www.loc.gov/METS/" xmlns:utils="xalan://gov.gpo.fdsys.utils" xmlns:datetime="http://exslt.org/dates-and-times" xmlns:xalan="http://xml.apache.org/xalan" xmlns:xsi="http://www.w3.org/2001/XMLSchema-instance" xmlns:xlink="http://www.w3.org/1999/xlink" xsi:schemaLocation="http://www.loc.gov/METS/ http://www.loc.gov/standards/mets/mets.xsd" ID="P0b002ee1d20e4c6d" LABEL="RECRUITING CHALLENGES FACING THE UNITED STATES MILITARY" OBJID="CHRG-118shrg60006">
<metsHdr CREATEDATE="2025-04-25T05:46:01Z" LASTMODDATE="2025-04-25T05:46:01Z">
<agent ROLE="CREATOR" TYPE="ORGANIZATION">
<name>United States Government Publishing Office</name>
</agent>
</metsHdr>
<dmdSec ID="descriptive-metadata-mods-id-60006">
<mdRef ID="id-60006" MIMETYPE="text/xml" XPTR="/mods/relatedItem[@ID='id-60006']" LOCTYPE="URL" xlink:href="file://mods.xml" MDTYPE="MODS"/>
</dmdSec>
<amdSec>
<digiprovMD ID="provenance-metadata-premis">
<mdRef MIMETYPE="text/xml" LOCTYPE="URL" xlink:href="file://premis.xml" MDTYPE="PREMIS"/>
</digiprovMD>
</amdSec>
<fileSec><fileGrp USE="text/html"><file ID="FID1" MIMETYPE="text/html" SIZE="224510" DMDID="id-60006">
<FLocat LOCTYPE="URL" xlink:href="file://html/CHRG-118shrg60006.htm"/>
<FLocat LOCTYPE="URL" xlink:href="https://www.govinfo.gov/content/pkg/CHRG-118shrg60006/html/CHRG-118shrg60006.htm"/>
</file></fileGrp><fileGrp USE="application/pdf"><file ID="FID2" MIMETYPE="application/pdf" SIZE="267757" DMDID="id-60006">
<FLocat LOCTYPE="URL" xlink:href="file://pdf/CHRG-118shrg60006.pdf"/>
<FLocat LOCTYPE="URL" xlink:href="https://www.govinfo.gov/content/pkg/CHRG-118shrg60006/pdf/CHRG-118shrg60006.pdf"/>
</file></fileGrp></fileSec>
<structMap>
<div>
<div DMDID="id-60006" ADMID="provenance-metadata-premis">
<fptr FILEID="FID1"/>
</div>
<div DMDID="id-60006" ADMID="provenance-metadata-premis">
<fptr FILEID="FID2"/>
</div>
</div>
</structMap>
</mets>
