<mods xmlns:xlink="http://www.w3.org/1999/xlink" xmlns:exslt="http://exslt.org/common" xmlns:xsi="http://www.w3.org/2001/XMLSchema-instance" xmlns="http://www.loc.gov/mods/v3" version="3.3" xsi:schemaLocation="http://www.loc.gov/mods/v3 http://www.loc.gov/standards/mods/v3/mods-3-3.xsd" ID="P0b002ee1d20e4c6d">
    <name type="corporate">
         <namePart>United States Government Publishing Office</namePart>
         <role>
              <roleTerm authority="marcrelator" type="text">publisher</roleTerm>
              <roleTerm authority="marcrelator" type="code">pbl</roleTerm>
        </role>
         <role>
              <roleTerm authority="marcrelator" type="text">distributor</roleTerm>
              <roleTerm authority="marcrelator" type="code">dst</roleTerm>
        </role>
    </name>
    <name type="corporate">
         <namePart>United States</namePart>
         <namePart>Congress</namePart>
         <namePart>Senate</namePart>
         <role>
              <roleTerm authority="marcrelator" type="text">author</roleTerm>
              <roleTerm authority="marcrelator" type="code">aut</roleTerm>
        </role>
         <description>Government Organization</description>
    </name>
    <typeOfResource>text</typeOfResource>
    <genre authority="marcgt">government publication</genre>
    <language>
         <languageTerm type="code" authority="iso639-2b">eng</languageTerm>
    </language>
    <extension>
         <collectionCode>CHRG</collectionCode>
         <category>Congressional Committee Materials</category>
         <waisDatabaseName>118_senate_hearings</waisDatabaseName>
         <branch>legislative</branch>
         <dateIngested>2025-04-25</dateIngested>
    </extension>
    <titleInfo>
         <title>RECRUITING CHALLENGES FACING THE UNITED STATES MILITARY</title>
    </titleInfo>
    <titleInfo type="alternative"></titleInfo>
    <location>
         <url displayLabel="Content Detail" access="object in context">https://www.govinfo.gov/app/details/CHRG-118shrg60006</url>
         <url displayLabel="HTML rendition" access="raw object">https://www.govinfo.gov/content/pkg/CHRG-118shrg60006/html/CHRG-118shrg60006.htm</url>
         <url displayLabel="PDF rendition" access="raw object">https://www.govinfo.gov/content/pkg/CHRG-118shrg60006/pdf/CHRG-118shrg60006.pdf</url>
    </location>
    <originInfo>
         <publisher>U.S. Government Publishing Office</publisher>
         <dateIssued encoding="w3cdtf">2023-03-22</dateIssued>
         <issuance>monographic</issuance>
    </originInfo>
    <physicalDescription>
         <note type="source content type">deposited</note>
         <digitalOrigin>born digital</digitalOrigin>
         <extent>65 digital object pages</extent>
    </physicalDescription>
    <classification authority="sudocs">Y 4.AR 5/3:</classification>
    <identifier type="uri">https://www.govinfo.gov/app/details/CHRG-118shrg60006</identifier>
    <identifier type="local">P0b002ee1d20e4c6d</identifier>
    <identifier type="former package identifier">f:60006.txt</identifier>
    <recordInfo>
         <recordContentSource authority="marcorg">DGPO</recordContentSource>
         <recordCreationDate encoding="w3cdtf">2025-04-25</recordCreationDate>
         <recordChangeDate encoding="w3cdtf">2025-04-25</recordChangeDate>
         <recordIdentifier source="DGPO">CHRG-118shrg60006</recordIdentifier>
         <recordOrigin>machine generated</recordOrigin>
         <languageOfCataloging>
              <languageTerm type="code" authority="iso639-2b">eng</languageTerm>
        </languageOfCataloging>
    </recordInfo>
    <accessCondition type="GPO scope determination">fdlp</accessCondition>
    <extension>
         <docClass>SHRG</docClass>
         <accessId>CHRG-118shrg60006</accessId>
         <type>G</type>
         <chamber>SENATE</chamber>
         <congress years="2023-2024">118</congress>
         <session>1</session>
         <number>617</number>
         <heldDate>2023-03-22</heldDate>
         <preferredCitation>S. Hrg. 118-617</preferredCitation>
    </extension>
    <extension>
         <searchTitle>RECRUITING CHALLENGES FACING THE UNITED STATES MILITARY</searchTitle>
         <granuleClass>OTHERPART</granuleClass>
         <accessId>CHRG-118shrg60006</accessId>
         <graphicsInPDF>true</graphicsInPDF>
         <isAppropriation>false</isAppropriation>
         <jacketId>60-006</jacketId>
         <congCommittee authorityId="ssas00" chamber="S" congress="118" type="S">
                                    
              <name type="authority-standard">Committee on Armed Services</name>
                                    
              <name type="authority-short">Armed Services</name>
                                
        </congCommittee>
         <congMember bioGuideId="B001277" chamber="S" congress="118" party="D" role="COMMMEMBER" state="CT">
                                    
              <name type="parsed">RICHARD BLUMENTHAL of Connecticut</name>
                                    
              <name type="authority-fnf">Richard Blumenthal</name>
                                    
              <name type="authority-lnf">Blumenthal, Richard</name>
                                
        </congMember>
         <congMember bioGuideId="B001305" chamber="S" congress="118" party="R" role="COMMMEMBER" state="NC">
                                    
              <name type="parsed">TED BUDD of North Carolina</name>
                                    
              <name type="authority-fnf">Ted Budd</name>
                                    
              <name type="authority-lnf">Budd, Ted</name>
                                
        </congMember>
         <congMember bioGuideId="C001095" chamber="S" congress="118" party="R" role="COMMMEMBER" state="AR">
                                    
              <name type="parsed">TOM COTTON of Arkansas</name>
                                    
              <name type="authority-fnf">Tom Cotton</name>
                                    
              <name type="authority-lnf">Cotton, Tom</name>
                                
        </congMember>
         <congMember bioGuideId="C001096" chamber="S" congress="118" party="R" role="COMMMEMBER" state="ND">
                                    
              <name type="parsed">KEVIN CRAMER of North Dakota</name>
                                    
              <name type="authority-fnf">Kevin Cramer</name>
                                    
              <name type="authority-lnf">Cramer, Kevin</name>
                                
        </congMember>
         <congMember bioGuideId="D000622" chamber="S" congress="118" party="D" role="COMMMEMBER" state="IL">
                                    
              <name type="parsed">TAMMY DUCKWORTH of Illinois</name>
                                    
              <name type="authority-fnf">Tammy Duckworth</name>
                                    
              <name type="authority-lnf">Duckworth, Tammy</name>
                                
        </congMember>
         <congMember bioGuideId="E000295" chamber="S" congress="118" party="R" role="COMMMEMBER" state="IA">
                                    
              <name type="parsed">JONI ERNST of Iowa</name>
                                    
              <name type="authority-fnf">Joni Ernst</name>
                                    
              <name type="authority-lnf">Ernst, Joni</name>
                                
        </congMember>
         <congMember bioGuideId="F000463" chamber="S" congress="118" party="R" role="COMMMEMBER" state="NE">
                                    
              <name type="parsed">DEB FISCHER of Nebraska</name>
                                    
              <name type="authority-fnf">Deb Fischer</name>
                                    
              <name type="authority-lnf">Fischer, Deb</name>
                                
        </congMember>
         <congMember bioGuideId="G000555" chamber="S" congress="118" party="D" role="COMMMEMBER" state="NY">
                                    
              <name type="parsed">KIRSTEN E. GILLIBRAND of New York</name>
                                    
              <name type="authority-fnf">Kirsten E. Gillibrand</name>
                                    
              <name type="authority-lnf">Gillibrand, Kirsten E.</name>
                                    
              <name type="authority-other">Mrs. Kirsten Gillibrand</name>
                                
        </congMember>
         <congMember bioGuideId="H001042" chamber="S" congress="118" party="D" role="COMMMEMBER" state="HI">
                                    
              <name type="parsed">MAZIE K. HIRONO of Hawaii</name>
                                    
              <name type="authority-fnf">Mazie K. Hirono</name>
                                    
              <name type="authority-lnf">Hirono, Mazie K.</name>
                                    
              <name type="authority-other">Ms. Mazie Hirono</name>
                                
        </congMember>
         <congMember bioGuideId="K000377" chamber="S" congress="118" party="D" role="COMMMEMBER" state="AZ">
                                    
              <name type="parsed">MARK KELLY of Arizona</name>
                                    
              <name type="authority-fnf">Mark Kelly</name>
                                    
              <name type="authority-lnf">Kelly, Mark</name>
                                
        </congMember>
         <congMember bioGuideId="K000383" chamber="S" congress="118" party="I" role="COMMMEMBER" state="ME">
                                    
              <name type="parsed">ANGUS S. KING, Jr. of Maine</name>
                                    
              <name type="authority-fnf">Angus S. King Jr.</name>
                                    
              <name type="authority-lnf">King, Angus S., Jr.</name>
                                    
              <name type="authority-other">Mr. Angus King Jr.</name>
                                
        </congMember>
         <congMember bioGuideId="K000384" chamber="S" congress="118" party="D" role="COMMMEMBER" state="VA">
                                    
              <name type="parsed">TIM KAINE of Virginia</name>
                                    
              <name type="authority-fnf">Tim Kaine</name>
                                    
              <name type="authority-lnf">Kaine, Tim</name>
                                    
              <name type="authority-other">Mr. Timothy Kaine</name>
                                
        </congMember>
         <congMember bioGuideId="M001183" chamber="S" congress="118" party="D" role="COMMMEMBER" state="WV">
                                    
              <name type="parsed">JOE MANCHIN III of West Virginia</name>
                                    
              <name type="authority-fnf">Joe Manchin III</name>
                                    
              <name type="authority-lnf">Manchin, Joe, III</name>
                                    
              <name type="authority-other">Mr. Joseph Manchin III</name>
                                
        </congMember>
         <congMember bioGuideId="M001190" chamber="S" congress="118" party="R" role="COMMMEMBER" state="OK">
                                    
              <name type="parsed">MARKWAYNE MULLIN of Oklahoma</name>
                                    
              <name type="authority-fnf">Markwayne Mullin</name>
                                    
              <name type="authority-lnf">Mullin, Markwayne</name>
                                
        </congMember>
         <congMember bioGuideId="P000595" chamber="S" congress="118" party="D" role="COMMMEMBER" state="MI">
                                    
              <name type="parsed">GARY C. PETERS of Michigan</name>
                                    
              <name type="authority-fnf">Gary C. Peters</name>
                                    
              <name type="authority-lnf">Peters, Gary C.</name>
                                    
              <name type="authority-other">Mr. Gary Peters</name>
                                
        </congMember>
         <congMember bioGuideId="R000122" chamber="S" congress="118" party="D" role="COMMMEMBER" state="RI">
                                    
              <name type="parsed">JACK REED of Rhode Island</name>
                                    
              <name type="authority-fnf">Jack Reed</name>
                                    
              <name type="authority-lnf">Reed, Jack</name>
                                    
              <name type="authority-other">Mr. John Reed</name>
                                
        </congMember>
         <congMember bioGuideId="R000605" chamber="S" congress="118" party="R" role="COMMMEMBER" state="SD">
                                    
              <name type="parsed">MIKE ROUNDS of South Dakota</name>
                                    
              <name type="authority-fnf">Mike Rounds</name>
                                    
              <name type="authority-lnf">Rounds, Mike</name>
                                
        </congMember>
         <congMember bioGuideId="R000608" chamber="S" congress="118" party="D" role="COMMMEMBER" state="NV">
                                    
              <name type="parsed">JACKY ROSEN of Nevada</name>
                                    
              <name type="authority-fnf">Jacky Rosen</name>
                                    
              <name type="authority-lnf">Rosen, Jacky</name>
                                
        </congMember>
         <congMember bioGuideId="S001181" chamber="S" congress="118" party="D" role="COMMMEMBER" state="NH">
                                    
              <name type="parsed">JEANNE SHAHEEN of New Hampshire</name>
                                    
              <name type="authority-fnf">Jeanne Shaheen</name>
                                    
              <name type="authority-lnf">Shaheen, Jeanne</name>
                                
        </congMember>
         <congMember bioGuideId="S001198" chamber="S" congress="118" party="R" role="COMMMEMBER" state="AK">
                                    
              <name type="parsed">DAN SULLIVAN of Alaska</name>
                                    
              <name type="authority-fnf">Dan Sullivan</name>
                                    
              <name type="authority-lnf">Sullivan, Dan</name>
                                
        </congMember>
         <congMember bioGuideId="S001217" chamber="S" congress="118" party="R" role="COMMMEMBER" state="FL">
                                    
              <name type="parsed">RICK SCOTT of Florida</name>
                                    
              <name type="authority-fnf">Rick Scott</name>
                                    
              <name type="authority-lnf">Scott, Rick</name>
                                
        </congMember>
         <congMember bioGuideId="S001227" chamber="S" congress="118" party="R" role="COMMMEMBER" state="MO">
                                    
              <name type="parsed">ERIC SCHMITT of Missouri</name>
                                    
              <name type="authority-fnf">Eric Schmitt</name>
                                    
              <name type="authority-lnf">Schmitt, Eric</name>
                                    
              <name type="authority-other">Mr. Eric S. Schmitt</name>
                                
        </congMember>
         <congMember bioGuideId="T000278" chamber="S" congress="118" party="R" role="COMMMEMBER" state="AL">
                                    
              <name type="parsed">TOMMY TUBERVILLE of Alabama</name>
                                    
              <name type="authority-fnf">Tommy Tuberville</name>
                                    
              <name type="authority-lnf">Tuberville, Tommy</name>
                                
        </congMember>
         <congMember bioGuideId="W000437" chamber="S" congress="118" party="R" role="COMMMEMBER" state="MS">
                                    
              <name type="parsed">ROGER F. WICKER of Mississippi</name>
                                    
              <name type="authority-fnf">Roger F. Wicker</name>
                                    
              <name type="authority-lnf">Wicker, Roger F.</name>
                                    
              <name type="authority-other">Mr. Roger Wicker</name>
                                
        </congMember>
         <congMember bioGuideId="W000817" chamber="S" congress="118" party="D" role="COMMMEMBER" state="MA">
                                    
              <name type="parsed">ELIZABETH WARREN of Massachusetts</name>
                                    
              <name type="authority-fnf">Elizabeth Warren</name>
                                    
              <name type="authority-lnf">Warren, Elizabeth</name>
                                    
              <name type="authority-other">Ms. Elizabeth A. Warren</name>
                                
        </congMember>
         <USCode title="10">
                                    
              <section number="2031"></section>
                                    
              <section number="4651"></section>
                                    
              <section number="503"></section>
                                
        </USCode>
         <USCode title="37">
                                    
              <section detail="(b)" number="1008"></section>
                                
        </USCode>
         <isNomination>false</isNomination>
         <isErrata>false</isErrata>
    </extension>
    <name type="corporate">
         <namePart>United States</namePart>
         <namePart>Congress</namePart>
         <namePart>Senate</namePart>
         <namePart>Committee on Armed Services</namePart>
         <role>
              <roleTerm authority="marcrelator" type="text">associated name</roleTerm>
              <roleTerm authority="marcrelator" type="code">asn</roleTerm>
        </role>
         <description>Government Organization</description>
    </name>
    <name type="personal">
         <namePart>Richard Blumenthal</namePart>
         <affiliation>United States Senate</affiliation>
         <role>
              <roleTerm type="text">committee member</roleTerm>
        </role>
         <description>United States Congressional Member</description>
    </name>
    <name type="personal">
         <namePart>Ted Budd</namePart>
         <affiliation>United States Senate</affiliation>
         <role>
              <roleTerm type="text">committee member</roleTerm>
        </role>
         <description>United States Congressional Member</description>
    </name>
    <name type="personal">
         <namePart>Tom Cotton</namePart>
         <affiliation>United States Senate</affiliation>
         <role>
              <roleTerm type="text">committee member</roleTerm>
        </role>
         <description>United States Congressional Member</description>
    </name>
    <name type="personal">
         <namePart>Kevin Cramer</namePart>
         <affiliation>United States Senate</affiliation>
         <role>
              <roleTerm type="text">committee member</roleTerm>
        </role>
         <description>United States Congressional Member</description>
    </name>
    <name type="personal">
         <namePart>Tammy Duckworth</namePart>
         <affiliation>United States Senate</affiliation>
         <role>
              <roleTerm type="text">committee member</roleTerm>
        </role>
         <description>United States Congressional Member</description>
    </name>
    <name type="personal">
         <namePart>Joni Ernst</namePart>
         <affiliation>United States Senate</affiliation>
         <role>
              <roleTerm type="text">committee member</roleTerm>
        </role>
         <description>United States Congressional Member</description>
    </name>
    <name type="personal">
         <namePart>Deb Fischer</namePart>
         <affiliation>United States Senate</affiliation>
         <role>
              <roleTerm type="text">committee member</roleTerm>
        </role>
         <description>United States Congressional Member</description>
    </name>
    <name type="personal">
         <namePart>Kirsten E. Gillibrand</namePart>
         <affiliation>United States Senate</affiliation>
         <role>
              <roleTerm type="text">committee member</roleTerm>
        </role>
         <description>United States Congressional Member</description>
    </name>
    <name type="personal">
         <namePart>Mazie K. Hirono</namePart>
         <affiliation>United States Senate</affiliation>
         <role>
              <roleTerm type="text">committee member</roleTerm>
        </role>
         <description>United States Congressional Member</description>
    </name>
    <name type="personal">
         <namePart>Mark Kelly</namePart>
         <affiliation>United States Senate</affiliation>
         <role>
              <roleTerm type="text">committee member</roleTerm>
        </role>
         <description>United States Congressional Member</description>
    </name>
    <name type="personal">
         <namePart>Angus S. King Jr.</namePart>
         <affiliation>United States Senate</affiliation>
         <role>
              <roleTerm type="text">committee member</roleTerm>
        </role>
         <description>United States Congressional Member</description>
    </name>
    <name type="personal">
         <namePart>Tim Kaine</namePart>
         <affiliation>United States Senate</affiliation>
         <role>
              <roleTerm type="text">committee member</roleTerm>
        </role>
         <description>United States Congressional Member</description>
    </name>
    <name type="personal">
         <namePart>Joe Manchin III</namePart>
         <affiliation>United States Senate</affiliation>
         <role>
              <roleTerm type="text">committee member</roleTerm>
        </role>
         <description>United States Congressional Member</description>
    </name>
    <name type="personal">
         <namePart>Markwayne Mullin</namePart>
         <affiliation>United States Senate</affiliation>
         <role>
              <roleTerm type="text">committee member</roleTerm>
        </role>
         <description>United States Congressional Member</description>
    </name>
    <name type="personal">
         <namePart>Gary C. Peters</namePart>
         <affiliation>United States Senate</affiliation>
         <role>
              <roleTerm type="text">committee member</roleTerm>
        </role>
         <description>United States Congressional Member</description>
    </name>
    <name type="personal">
         <namePart>Jack Reed</namePart>
         <affiliation>United States Senate</affiliation>
         <role>
              <roleTerm type="text">committee member</roleTerm>
        </role>
         <description>United States Congressional Member</description>
    </name>
    <name type="personal">
         <namePart>Mike Rounds</namePart>
         <affiliation>United States Senate</affiliation>
         <role>
              <roleTerm type="text">committee member</roleTerm>
        </role>
         <description>United States Congressional Member</description>
    </name>
    <name type="personal">
         <namePart>Jacky Rosen</namePart>
         <affiliation>United States Senate</affiliation>
         <role>
              <roleTerm type="text">committee member</roleTerm>
        </role>
         <description>United States Congressional Member</description>
    </name>
    <name type="personal">
         <namePart>Jeanne Shaheen</namePart>
         <affiliation>United States Senate</affiliation>
         <role>
              <roleTerm type="text">committee member</roleTerm>
        </role>
         <description>United States Congressional Member</description>
    </name>
    <name type="personal">
         <namePart>Dan Sullivan</namePart>
         <affiliation>United States Senate</affiliation>
         <role>
              <roleTerm type="text">committee member</roleTerm>
        </role>
         <description>United States Congressional Member</description>
    </name>
    <name type="personal">
         <namePart>Rick Scott</namePart>
         <affiliation>United States Senate</affiliation>
         <role>
              <roleTerm type="text">committee member</roleTerm>
        </role>
         <description>United States Congressional Member</description>
    </name>
    <name type="personal">
         <namePart>Eric Schmitt</namePart>
         <affiliation>United States Senate</affiliation>
         <role>
              <roleTerm type="text">committee member</roleTerm>
        </role>
         <description>United States Congressional Member</description>
    </name>
    <name type="personal">
         <namePart>Tommy Tuberville</namePart>
         <affiliation>United States Senate</affiliation>
         <role>
              <roleTerm type="text">committee member</roleTerm>
        </role>
         <description>United States Congressional Member</description>
    </name>
    <name type="personal">
         <namePart>Roger F. Wicker</namePart>
         <affiliation>United States Senate</affiliation>
         <role>
              <roleTerm type="text">committee member</roleTerm>
        </role>
         <description>United States Congressional Member</description>
    </name>
    <name type="personal">
         <namePart>Elizabeth Warren</namePart>
         <affiliation>United States Senate</affiliation>
         <role>
              <roleTerm type="text">committee member</roleTerm>
        </role>
         <description>United States Congressional Member</description>
    </name>
    <relatedItem type="isReferencedBy">
         <identifier type="Jacket citation"></identifier>
    </relatedItem>
    <relatedItem type="isReferencedBy">
         <titleInfo>
              <title>United States Code</title>
              <partNumber>Title 10 Section 2031</partNumber>
              <partNumber>Title 10 Section 4651</partNumber>
              <partNumber>Title 10 Section 503</partNumber>
        </titleInfo>
         <identifier type="USC citation">10 U.S.C. 2031</identifier>
         <identifier type="USC citation">10 U.S.C. 4651</identifier>
         <identifier type="USC citation">10 U.S.C. 503</identifier>
    </relatedItem>
    <relatedItem type="isReferencedBy">
         <titleInfo>
              <title>United States Code</title>
              <partNumber>Title 37 Section 1008(b)</partNumber>
        </titleInfo>
         <identifier type="USC citation">37 U.S.C. 1008(b)</identifier>
    </relatedItem>
</mods>