<mods xmlns:xlink="http://www.w3.org/1999/xlink" xmlns:exslt="http://exslt.org/common" xmlns:xsi="http://www.w3.org/2001/XMLSchema-instance" xmlns="http://www.loc.gov/mods/v3" version="3.3" xsi:schemaLocation="http://www.loc.gov/mods/v3 http://www.loc.gov/standards/mods/v3/mods-3-3.xsd" ID="P0b002ee1cfdd7978">
    <name type="corporate">
         <namePart>United States Government Publishing Office</namePart>
         <role>
              <roleTerm authority="marcrelator" type="text">publisher</roleTerm>
              <roleTerm authority="marcrelator" type="code">pbl</roleTerm>
        </role>
         <role>
              <roleTerm authority="marcrelator" type="text">distributor</roleTerm>
              <roleTerm authority="marcrelator" type="code">dst</roleTerm>
        </role>
    </name>
    <name type="corporate">
         <namePart>United States</namePart>
         <namePart>Congress</namePart>
         <namePart>House of Representatives</namePart>
         <role>
              <roleTerm authority="marcrelator" type="text">author</roleTerm>
              <roleTerm authority="marcrelator" type="code">aut</roleTerm>
        </role>
         <description>Government Organization</description>
    </name>
    <typeOfResource>text</typeOfResource>
    <genre authority="marcgt">government publication</genre>
    <language>
         <languageTerm type="code" authority="iso639-2b">eng</languageTerm>
    </language>
    <extension>
         <collectionCode>CHRG</collectionCode>
         <category>Congressional Committee Materials</category>
         <waisDatabaseName>118_house_hearings</waisDatabaseName>
         <branch>legislative</branch>
         <dateIngested>2025-02-12</dateIngested>
    </extension>
    <titleInfo>
         <title>OVERSIGHT OF THE DEPARTMENT OF TRANSPORTATION&apos;S POLICIES AND PROGRAMS AND FISCAL YEAR 2025 BUDGET REQUEST</title>
    </titleInfo>
    <titleInfo type="alternative"></titleInfo>
    <location>
         <url displayLabel="Content Detail" access="object in context">https://www.govinfo.gov/app/details/CHRG-118hhrg58381</url>
         <url displayLabel="HTML rendition" access="raw object">https://www.govinfo.gov/content/pkg/CHRG-118hhrg58381/html/CHRG-118hhrg58381.htm</url>
         <url displayLabel="PDF rendition" access="raw object">https://www.govinfo.gov/content/pkg/CHRG-118hhrg58381/pdf/CHRG-118hhrg58381.pdf</url>
    </location>
    <originInfo>
         <publisher>U.S. Government Publishing Office</publisher>
         <dateIssued encoding="w3cdtf">2024-06-27</dateIssued>
         <issuance>monographic</issuance>
    </originInfo>
    <physicalDescription>
         <note type="source content type">deposited</note>
         <digitalOrigin>born digital</digitalOrigin>
         <extent>156 digital object pages</extent>
    </physicalDescription>
    <classification authority="sudocs">Y 4.T 68/2:</classification>
    <identifier type="uri">https://www.govinfo.gov/app/details/CHRG-118hhrg58381</identifier>
    <identifier type="local">P0b002ee1cfdd7978</identifier>
    <identifier type="former package identifier">f:58381.txt</identifier>
    <recordInfo>
         <recordContentSource authority="marcorg">DGPO</recordContentSource>
         <recordCreationDate encoding="w3cdtf">2025-02-12</recordCreationDate>
         <recordChangeDate encoding="w3cdtf">2025-02-12</recordChangeDate>
         <recordIdentifier source="DGPO">CHRG-118hhrg58381</recordIdentifier>
         <recordOrigin>machine generated</recordOrigin>
         <languageOfCataloging>
              <languageTerm type="code" authority="iso639-2b">eng</languageTerm>
        </languageOfCataloging>
    </recordInfo>
    <accessCondition type="GPO scope determination">fdlp</accessCondition>
    <extension>
         <docClass>HHRG</docClass>
         <accessId>CHRG-118hhrg58381</accessId>
         <type>O</type>
         <chamber>HOUSE</chamber>
         <congress years="2023-2024">118</congress>
         <session>2</session>
         <heldDate>2024-06-27</heldDate>
         <preferredCitation>Serial No. 118-63</preferredCitation>
    </extension>
    <extension>
         <searchTitle>OVERSIGHT OF THE DEPARTMENT OF TRANSPORTATION&apos;S POLICIES AND PROGRAMS AND FISCAL YEAR 2025 BUDGET REQUEST</searchTitle>
         <granuleClass>OTHERPART</granuleClass>
         <accessId>CHRG-118hhrg58381</accessId>
         <fiscalyear>2025</fiscalyear>
         <graphicsInPDF>true</graphicsInPDF>
         <witness>Hon. Pete Buttigieg, Secretary of Transportation, U.S. Department of Transportation,</witness>
         <isAppropriation>false</isAppropriation>
         <congSerial chamber="H" congress="118" number="63"></congSerial>
         <jacketId>58-381</jacketId>
         <congCommittee authorityId="hspw00" chamber="H" congress="118" type="S">
                                    
              <name type="authority-standard">Committee on Transportation and Infrastructure</name>
                                    
              <name type="authority-short">Transportation and Infrastructure</name>
                                
        </congCommittee>
         <congMember bioGuideId="A000148" chamber="H" congress="118" party="D" role="COMMMEMBER" state="MA">
                                    
              <name type="parsed">Jake Auchincloss of Massachusetts</name>
                                    
              <name type="authority-fnf">Jake Auchincloss</name>
                                    
              <name type="authority-lnf">Auchincloss, Jake</name>
                                
        </congMember>
         <congMember bioGuideId="A000376" chamber="H" congress="118" party="D" role="COMMMEMBER" state="TX">
                                    
              <name type="parsed">Colin Z. Allred of Texas</name>
                                    
              <name type="authority-fnf">Colin Z. Allred</name>
                                    
              <name type="authority-lnf">Allred, Colin Z.</name>
                                    
              <name type="authority-other">Mr. Colin Allred</name>
                                
        </congMember>
         <congMember bioGuideId="B001285" chamber="H" congress="118" party="D" role="COMMMEMBER" state="CA">
                                    
              <name type="parsed">Julia Brownley of California</name>
                                    
              <name type="authority-fnf">Julia Brownley</name>
                                    
              <name type="authority-lnf">Brownley, Julia</name>
                                
        </congMember>
         <congMember bioGuideId="B001295" chamber="H" congress="118" party="R" role="COMMMEMBER" state="IL">
                                    
              <name type="parsed">Mike Bost of Illinois</name>
                                    
              <name type="authority-fnf">Mike Bost</name>
                                    
              <name type="authority-lnf">Bost, Mike</name>
                                
        </congMember>
         <congMember bioGuideId="B001309" chamber="H" congress="118" party="R" role="COMMMEMBER" state="TN">
                                    
              <name type="parsed">Tim Burchett of Tennessee</name>
                                    
              <name type="authority-fnf">Tim Burchett</name>
                                    
              <name type="authority-lnf">Burchett, Tim</name>
                                
        </congMember>
         <congMember bioGuideId="B001314" chamber="H" congress="118" party="R" role="COMMMEMBER" state="FL">
                                    
              <name type="parsed">Aaron Bean of Florida</name>
                                    
              <name type="authority-fnf">Aaron Bean</name>
                                    
              <name type="authority-lnf">Bean, Aaron</name>
                                
        </congMember>
         <congMember bioGuideId="B001316" chamber="H" congress="118" party="R" role="COMMMEMBER" state="MO">
                                    
              <name type="parsed">Eric Burlison of Missouri</name>
                                    
              <name type="authority-fnf">Eric Burlison</name>
                                    
              <name type="authority-lnf">Burlison, Eric</name>
                                
        </congMember>
         <congMember bioGuideId="C001068" chamber="H" congress="118" party="D" role="COMMMEMBER" state="TN">
                                    
              <name type="parsed">Steve Cohen of Tennessee</name>
                                    
              <name type="authority-fnf">Steve Cohen</name>
                                    
              <name type="authority-lnf">Cohen, Steve</name>
                                
        </congMember>
         <congMember bioGuideId="C001072" chamber="H" congress="118" party="D" role="COMMMEMBER" state="IN">
                                    
              <name type="parsed">Andre Carson of Indiana</name>
                                    
              <name type="authority-fnf">Andre Carson</name>
                                    
              <name type="authority-lnf">Carson, Andre</name>
                                
        </congMember>
         <congMember bioGuideId="C001112" chamber="H" congress="118" party="D" role="COMMMEMBER" state="CA">
                                    
              <name type="parsed">Salud O. Carbajal of California</name>
                                    
              <name type="authority-fnf">Salud O. Carbajal</name>
                                    
              <name type="authority-lnf">Carbajal, Salud O.</name>
                                    
              <name type="authority-other">Mr. Salud Carbajal</name>
                                
        </congMember>
         <congMember bioGuideId="C001125" chamber="H" congress="118" party="D" role="COMMMEMBER" state="LA">
                                    
              <name type="parsed">Troy A. Carter of Louisiana</name>
                                    
              <name type="authority-fnf">Troy A. Carter</name>
                                    
              <name type="authority-lnf">Carter, Troy A.</name>
                                    
              <name type="authority-other">Mr. Troy Carter</name>
                                
        </congMember>
         <congMember bioGuideId="C001135" chamber="H" congress="118" party="R" role="COMMMEMBER" state="OR">
                                    
              <name type="parsed">Lori Chavez-DeRemer of Oregon</name>
                                    
              <name type="authority-fnf">Lori Chavez-DeRemer</name>
                                    
              <name type="authority-lnf">Chavez-DeRemer, Lori</name>
                                
        </congMember>
         <congMember bioGuideId="D000530" chamber="H" congress="118" party="D" role="COMMMEMBER" state="PA">
                                    
              <name type="parsed">Christopher R. Deluzio of Pennsylvania</name>
                                    
              <name type="authority-fnf">Christopher R. Deluzio</name>
                                    
              <name type="authority-lnf">Deluzio, Christopher R.</name>
                                    
              <name type="authority-other">Mr. Christopher Deluzio</name>
                                
        </congMember>
         <congMember bioGuideId="D000623" chamber="H" congress="118" party="D" role="COMMMEMBER" state="CA">
                                    
              <name type="parsed">Mark DeSaulnier of California</name>
                                    
              <name type="authority-fnf">Mark DeSaulnier</name>
                                    
              <name type="authority-lnf">DeSaulnier, Mark</name>
                                
        </congMember>
         <congMember bioGuideId="D000629" chamber="H" congress="118" party="D" role="COMMMEMBER" state="KS">
                                    
              <name type="parsed">Sharice Davids of Kansas</name>
                                    
              <name type="authority-fnf">Sharice Davids</name>
                                    
              <name type="authority-lnf">Davids, Sharice</name>
                                
        </congMember>
         <congMember bioGuideId="D000632" chamber="H" congress="118" party="R" role="COMMMEMBER" state="NY">
                                    
              <name type="parsed">Anthony D&apos;Esposito of New York</name>
                                    
              <name type="authority-fnf">Anthony D&apos;Esposito</name>
                                    
              <name type="authority-lnf">D&apos;Esposito, Anthony</name>
                                
        </congMember>
         <congMember bioGuideId="D000633" chamber="H" congress="118" party="R" role="COMMMEMBER" state="CA">
                                    
              <name type="parsed">John S. Duarte of California</name>
                                    
              <name type="authority-fnf">John S. Duarte</name>
                                    
              <name type="authority-lnf">Duarte, John S.</name>
                                    
              <name type="authority-other">Mr. John Duarte</name>
                                
        </congMember>
         <congMember bioGuideId="E000235" chamber="H" congress="118" party="R" role="COMMMEMBER" state="MS">
                                    
              <name type="parsed">Mike Ezell of Mississippi</name>
                                    
              <name type="authority-fnf">Mike Ezell</name>
                                    
              <name type="authority-lnf">Ezell, Mike</name>
                                
        </congMember>
         <congMember bioGuideId="F000477" chamber="H" congress="118" party="D" role="COMMMEMBER" state="NC">
                                    
              <name type="parsed">Valerie P. Foushee of North Carolina</name>
                                    
              <name type="authority-fnf">Valerie P. Foushee</name>
                                    
              <name type="authority-lnf">Foushee, Valerie P.</name>
                                    
              <name type="authority-other">Mrs. Valerie Foushee</name>
                                
        </congMember>
         <congMember bioGuideId="F000480" chamber="H" congress="118" party="R" role="COMMMEMBER" state="CA">
                                    
              <name type="parsed">Vince Fong of California</name>
                                    
              <name type="authority-fnf">Vince Fong</name>
                                    
              <name type="authority-lnf">Fong, Vince</name>
                                
        </congMember>
         <congMember bioGuideId="G000546" chamber="H" congress="118" party="R" role="COMMMEMBER" state="MO">
                                    
              <name type="parsed">Sam Graves of Missouri</name>
                                    
              <name type="authority-fnf">Sam Graves</name>
                                    
              <name type="authority-lnf">Graves, Sam</name>
                                
        </congMember>
         <congMember bioGuideId="G000559" chamber="H" congress="118" party="D" role="COMMMEMBER" state="CA">
                                    
              <name type="parsed">John Garamendi of California</name>
                                    
              <name type="authority-fnf">John Garamendi</name>
                                    
              <name type="authority-lnf">Garamendi, John</name>
                                
        </congMember>
         <congMember bioGuideId="G000577" chamber="H" congress="118" party="R" role="COMMMEMBER" state="LA">
                                    
              <name type="parsed">Garret Graves of Louisiana</name>
                                    
              <name type="authority-fnf">Garret Graves</name>
                                    
              <name type="authority-lnf">Graves, Garret</name>
                                
        </congMember>
         <congMember bioGuideId="H001068" chamber="H" congress="118" party="D" role="COMMMEMBER" state="CA">
                                    
              <name type="parsed">Jared Huffman of California</name>
                                    
              <name type="authority-fnf">Jared Huffman</name>
                                    
              <name type="authority-lnf">Huffman, Jared</name>
                                
        </congMember>
         <congMember bioGuideId="H001094" chamber="H" congress="118" party="D" role="COMMMEMBER" state="OR">
                                    
              <name type="parsed">Val T. Hoyle of Oregon</name>
                                    
              <name type="authority-fnf">Val T. Hoyle</name>
                                    
              <name type="authority-lnf">Hoyle, Val T.</name>
                                    
              <name type="authority-other">Ms. Val Hoyle</name>
                                
        </congMember>
         <congMember bioGuideId="J000301" chamber="H" congress="118" party="R" role="COMMMEMBER" state="SD">
                                    
              <name type="parsed">Dusty Johnson of South Dakota</name>
                                    
              <name type="authority-fnf">Dusty Johnson</name>
                                    
              <name type="authority-lnf">Johnson, Dusty</name>
                                
        </congMember>
         <congMember bioGuideId="K000398" chamber="H" congress="118" party="R" role="COMMMEMBER" state="NJ">
                                    
              <name type="parsed">Thomas H. Kean, Jr. of New Jersey</name>
                                    
              <name type="authority-fnf">Thomas H. Kean, Jr.</name>
                                    
              <name type="authority-lnf">Kean, Thomas H.</name>
                                    
              <name type="authority-other">Mr. Thomas Kean Jr.</name>
                                
        </congMember>
         <congMember bioGuideId="K000401" chamber="H" congress="118" party="R" role="COMMMEMBER" state="CA">
                                    
              <name type="parsed">Kevin Kiley of California</name>
                                    
              <name type="authority-fnf">Kevin Kiley</name>
                                    
              <name type="authority-lnf">Kiley, Kevin</name>
                                
        </congMember>
         <congMember bioGuideId="L000578" chamber="H" congress="118" party="R" role="COMMMEMBER" state="CA">
                                    
              <name type="parsed">Doug LaMalfa of California</name>
                                    
              <name type="authority-fnf">Doug LaMalfa</name>
                                    
              <name type="authority-lnf">LaMalfa, Doug</name>
                                
        </congMember>
         <congMember bioGuideId="M000871" chamber="H" congress="118" party="R" role="COMMMEMBER" state="KS">
                                    
              <name type="parsed">Tracey Mann of Kansas</name>
                                    
              <name type="authority-fnf">Tracey Mann</name>
                                    
              <name type="authority-lnf">Mann, Tracey</name>
                                
        </congMember>
         <congMember bioGuideId="M001184" chamber="H" congress="118" party="R" role="COMMMEMBER" state="KY">
                                    
              <name type="parsed">Thomas Massie of Kentucky</name>
                                    
              <name type="authority-fnf">Thomas Massie</name>
                                    
              <name type="authority-lnf">Massie, Thomas</name>
                                
        </congMember>
         <congMember bioGuideId="M001196" chamber="H" congress="118" party="D" role="COMMMEMBER" state="MA">
                                    
              <name type="parsed">Seth Moulton of Massachusetts</name>
                                    
              <name type="authority-fnf">Seth Moulton</name>
                                    
              <name type="authority-lnf">Moulton, Seth</name>
                                
        </congMember>
         <congMember bioGuideId="M001199" chamber="H" congress="118" party="R" role="COMMMEMBER" state="FL">
                                    
              <name type="parsed">Brian J. Mast of Florida</name>
                                    
              <name type="authority-fnf">Brian J. Mast</name>
                                    
              <name type="authority-lnf">Mast, Brian J.</name>
                                    
              <name type="authority-other">Mr. Brian Mast</name>
                                
        </congMember>
         <congMember bioGuideId="M001221" chamber="H" congress="118" party="R" role="COMMMEMBER" state="NY">
                                    
              <name type="parsed">Marcus J. Molinaro of New York</name>
                                    
              <name type="authority-fnf">Marcus J. Molinaro</name>
                                    
              <name type="authority-lnf">Molinaro, Marcus J.</name>
                                    
              <name type="authority-other">Mr. Marcus Molinaro</name>
                                
        </congMember>
         <congMember bioGuideId="M001226" chamber="H" congress="118" party="D" role="COMMMEMBER" state="NJ">
                                    
              <name type="parsed">Robert Menendez of New Jersey</name>
                                    
              <name type="authority-fnf">Robert Menendez</name>
                                    
              <name type="authority-lnf">Menendez, Robert</name>
                                
        </congMember>
         <congMember bioGuideId="M001228" chamber="H" congress="118" party="R" role="COMMMEMBER" state="UT">
                                    
              <name type="parsed">Celeste Maloy of Utah</name>
                                    
              <name type="authority-fnf">Celeste Maloy</name>
                                    
              <name type="authority-lnf">Maloy, Celeste</name>
                                
        </congMember>
         <congMember bioGuideId="N000026" chamber="H" congress="118" party="R" role="COMMMEMBER" state="TX">
                                    
              <name type="parsed">Troy E. Nehls of Texas</name>
                                    
              <name type="authority-fnf">Troy E. Nehls</name>
                                    
              <name type="authority-lnf">Nehls, Troy E.</name>
                                    
              <name type="authority-other">Mr. Troy Nehls</name>
                                
        </congMember>
         <congMember bioGuideId="N000179" chamber="H" congress="118" party="D" role="COMMMEMBER" state="CA">
                                    
              <name type="parsed">Grace F. Napolitano of California</name>
                                    
              <name type="authority-fnf">Grace F. Napolitano</name>
                                    
              <name type="authority-lnf">Napolitano, Grace F.</name>
                                    
              <name type="authority-other">Mrs. Grace Napolitano</name>
                                
        </congMember>
         <congMember bioGuideId="O000086" chamber="H" congress="118" party="R" role="COMMMEMBER" state="UT">
                                    
              <name type="parsed">Burgess Owens of Utah</name>
                                    
              <name type="authority-fnf">Burgess Owens</name>
                                    
              <name type="authority-lnf">Owens, Burgess</name>
                                
        </congMember>
         <congMember bioGuideId="P000605" chamber="H" congress="118" party="R" role="COMMMEMBER" state="PA">
                                    
              <name type="parsed">Scott Perry of Pennsylvania</name>
                                    
              <name type="authority-fnf">Scott Perry</name>
                                    
              <name type="authority-lnf">Perry, Scott</name>
                                
        </congMember>
         <congMember bioGuideId="P000614" chamber="H" congress="118" party="D" role="COMMMEMBER" state="NH">
                                    
              <name type="parsed">Chris Pappas of New Hampshire</name>
                                    
              <name type="authority-fnf">Chris Pappas</name>
                                    
              <name type="authority-lnf">Pappas, Chris</name>
                                
        </congMember>
         <congMember bioGuideId="P000619" chamber="H" congress="118" party="D" role="COMMMEMBER" state="AK">
                                    
              <name type="parsed">Mary Sattler Peltola of Alaska</name>
                                    
              <name type="authority-fnf">Mary Sattler Peltola</name>
                                    
              <name type="authority-lnf">Peltola, Mary Sattler</name>
                                    
              <name type="authority-other">Mrs. Mary Peltola</name>
                                
        </congMember>
         <congMember bioGuideId="R000579" chamber="H" congress="118" party="D" role="COMMMEMBER" state="NY">
                                    
              <name type="parsed">Patrick Ryan of New York</name>
                                    
              <name type="authority-fnf">Patrick Ryan</name>
                                    
              <name type="authority-lnf">Ryan, Patrick</name>
                                
        </congMember>
         <congMember bioGuideId="R000603" chamber="H" congress="118" party="R" role="COMMMEMBER" state="NC">
                                    
              <name type="parsed">David Rouzer of North Carolina</name>
                                    
              <name type="authority-fnf">David Rouzer</name>
                                    
              <name type="authority-lnf">Rouzer, David</name>
                                
        </congMember>
         <congMember bioGuideId="S001159" chamber="H" congress="118" party="D" role="COMMMEMBER" state="WA">
                                    
              <name type="parsed">Marilyn Strickland of Washington</name>
                                    
              <name type="authority-fnf">Marilyn Strickland</name>
                                    
              <name type="authority-lnf">Strickland, Marilyn</name>
                                
        </congMember>
         <congMember bioGuideId="S001211" chamber="H" congress="118" party="D" role="COMMMEMBER" state="AZ">
                                    
              <name type="parsed">Greg Stanton of Arizona</name>
                                    
              <name type="authority-fnf">Greg Stanton</name>
                                    
              <name type="authority-lnf">Stanton, Greg</name>
                                
        </congMember>
         <congMember bioGuideId="S001212" chamber="H" congress="118" party="R" role="COMMMEMBER" state="MN">
                                    
              <name type="parsed">Pete Stauber of Minnesota</name>
                                    
              <name type="authority-fnf">Pete Stauber</name>
                                    
              <name type="authority-lnf">Stauber, Pete</name>
                                
        </congMember>
         <congMember bioGuideId="S001221" chamber="H" congress="118" party="D" role="COMMMEMBER" state="MI">
                                    
              <name type="parsed">Hillary J. Scholten of Michigan</name>
                                    
              <name type="authority-fnf">Hillary J. Scholten</name>
                                    
              <name type="authority-lnf">Scholten, Hillary J.</name>
                                    
              <name type="authority-other">Ms. Hillary Scholten</name>
                                
        </congMember>
         <congMember bioGuideId="S001223" chamber="H" congress="118" party="D" role="COMMMEMBER" state="OH">
                                    
              <name type="parsed">Emilia Strong Sykes of Ohio</name>
                                    
              <name type="authority-fnf">Emilia Strong Sykes</name>
                                    
              <name type="authority-lnf">Sykes, Emilia Strong</name>
                                    
              <name type="authority-other">Mrs. Emilia Sykes</name>
                                
        </congMember>
         <congMember bioGuideId="T000468" chamber="H" congress="118" party="D" role="COMMMEMBER" state="NV">
                                    
              <name type="parsed">Dina Titus of Nevada</name>
                                    
              <name type="authority-fnf">Dina Titus</name>
                                    
              <name type="authority-lnf">Titus, Dina</name>
                                
        </congMember>
         <congMember bioGuideId="V000133" chamber="H" congress="118" party="R" role="COMMMEMBER" state="NJ">
                                    
              <name type="parsed">Jefferson Van Drew of New Jersey</name>
                                    
              <name type="authority-fnf">Jefferson Van Drew</name>
                                    
              <name type="authority-lnf">Van Drew, Jefferson</name>
                                
        </congMember>
         <congMember bioGuideId="W000806" chamber="H" congress="118" party="R" role="COMMMEMBER" state="FL">
                                    
              <name type="parsed">Daniel Webster of Florida</name>
                                    
              <name type="authority-fnf">Daniel Webster</name>
                                    
              <name type="authority-lnf">Webster, Daniel</name>
                                
        </congMember>
         <congMember bioGuideId="W000808" chamber="H" congress="118" party="D" role="COMMMEMBER" state="FL">
                                    
              <name type="parsed">Frederica S. Wilson of Florida</name>
                                    
              <name type="authority-fnf">Frederica S. Wilson</name>
                                    
              <name type="authority-lnf">Wilson, Frederica S.</name>
                                    
              <name type="authority-other">Ms. Frederica Wilson</name>
                                
        </congMember>
         <congMember bioGuideId="W000821" chamber="H" congress="118" party="R" role="COMMMEMBER" state="AR">
                                    
              <name type="parsed">Bruce Westerman of Arkansas</name>
                                    
              <name type="authority-fnf">Bruce Westerman</name>
                                    
              <name type="authority-lnf">Westerman, Bruce</name>
                                
        </congMember>
         <congMember bioGuideId="W000828" chamber="H" congress="118" party="R" role="COMMMEMBER" state="NY">
                                    
              <name type="parsed">Brandon Williams of New York</name>
                                    
              <name type="authority-fnf">Brandon Williams</name>
                                    
              <name type="authority-lnf">Williams, Brandon</name>
                                
        </congMember>
         <law congress="88" isPrivate="false" number="364"></law>
         <law congress="88" isPrivate="false" number="365"></law>
         <law congress="94" isPrivate="false" number="387"></law>
         <law congress="109" isPrivate="false" number="317"></law>
         <law congress="114" isPrivate="false" number="94"></law>
         <law congress="117" isPrivate="false" number="58"></law>
         <law congress="117" isPrivate="false" number="78"></law>
         <law congress="118" isPrivate="false" number="42"></law>
         <law congress="118" isPrivate="false" number="63"></law>
         <USCode title="19">
                                    
              <section number="1307"></section>
                                
        </USCode>
         <USCode title="21">
                                    
              <section detail="(6)" number="802"></section>
                                
        </USCode>
         <USCode title="23">
                                    
              <section detail="(e)" number="120"></section>
                                    
              <section number="125"></section>
                                    
              <section detail="(a)" number="163"></section>
                                
        </USCode>
         <USCode title="33">
                                    
              <section number="1503"></section>
                                
        </USCode>
         <USCode title="49">
                                    
              <section number="312"></section>
                                    
              <section detail="(b)(2)" number="312"></section>
                                    
              <section detail="(c)(2)" number="31306"></section>
                                    
              <section detail="(a)(15)" number="40102"></section>
                                    
              <section number="41732"></section>
                                    
              <section number="5307"></section>
                                    
              <section number="5314"></section>
                                    
              <section number="5323"></section>
                                    
              <section detail="(d)" number="5323"></section>
                                    
              <section detail="(r)" number="5323"></section>
                                    
              <section number="5337"></section>
                                    
              <section number="5339"></section>
                                
        </USCode>
         <statuteAtLarge volume="78">
                                    
              <pages pages="302"></pages>
                                
        </statuteAtLarge>
         <statuteAtLarge volume="135">
                                    
              <pages pages="429"></pages>
                                
        </statuteAtLarge>
         <bill congress="118" context="BODY" number="2912" type="HR"></bill>
         <bill congress="118" context="BODY" number="3459" type="HR"></bill>
         <bill congress="118" context="BODY" number="3935" type="HR"></bill>
         <bill congress="118" context="BODY" number="8495" type="HR"></bill>
         <bill congress="118" context="BODY" number="8505" type="HR"></bill>
         <cfr title="14">
                                    
              <part number="107"></part>
                                
        </cfr>
         <cfr title="14">
                                    
              <part number="135"></part>
                                
        </cfr>
         <cfr title="14">
                                    
              <part number="61"></part>
                                
        </cfr>
         <cfr title="49">
                                    
              <part detail=".320" number="381"></part>
                                
        </cfr>
         <cfr title="49">
                                    
              <part detail=".22(b) and" number="392"></part>
                                
        </cfr>
         <cfr title="49">
                                    
              <part detail=".25(e)" number="393"></part>
                                
        </cfr>
         <cfr title="49">
                                    
              <part detail=".95(f)" number="393"></part>
                                
        </cfr>
         <cfr title="49">
                                    
              <part number="40"></part>
                                
        </cfr>
         <isNomination>false</isNomination>
         <isErrata>false</isErrata>
    </extension>
    <name type="corporate">
         <namePart>United States</namePart>
         <namePart>Congress</namePart>
         <namePart>House of Representatives</namePart>
         <namePart>Committee on Transportation and Infrastructure</namePart>
         <role>
              <roleTerm authority="marcrelator" type="text">associated name</roleTerm>
              <roleTerm authority="marcrelator" type="code">asn</roleTerm>
        </role>
         <description>Government Organization</description>
    </name>
    <name type="personal">
         <namePart>Jake Auchincloss</namePart>
         <affiliation>United States House of Representatives</affiliation>
         <role>
              <roleTerm type="text">committee member</roleTerm>
        </role>
         <description>United States Congressional Member</description>
    </name>
    <name type="personal">
         <namePart>Colin Z. Allred</namePart>
         <affiliation>United States House of Representatives</affiliation>
         <role>
              <roleTerm type="text">committee member</roleTerm>
        </role>
         <description>United States Congressional Member</description>
    </name>
    <name type="personal">
         <namePart>Julia Brownley</namePart>
         <affiliation>United States House of Representatives</affiliation>
         <role>
              <roleTerm type="text">committee member</roleTerm>
        </role>
         <description>United States Congressional Member</description>
    </name>
    <name type="personal">
         <namePart>Mike Bost</namePart>
         <affiliation>United States House of Representatives</affiliation>
         <role>
              <roleTerm type="text">committee member</roleTerm>
        </role>
         <description>United States Congressional Member</description>
    </name>
    <name type="personal">
         <namePart>Tim Burchett</namePart>
         <affiliation>United States House of Representatives</affiliation>
         <role>
              <roleTerm type="text">committee member</roleTerm>
        </role>
         <description>United States Congressional Member</description>
    </name>
    <name type="personal">
         <namePart>Aaron Bean</namePart>
         <affiliation>United States House of Representatives</affiliation>
         <role>
              <roleTerm type="text">committee member</roleTerm>
        </role>
         <description>United States Congressional Member</description>
    </name>
    <name type="personal">
         <namePart>Eric Burlison</namePart>
         <affiliation>United States House of Representatives</affiliation>
         <role>
              <roleTerm type="text">committee member</roleTerm>
        </role>
         <description>United States Congressional Member</description>
    </name>
    <name type="personal">
         <namePart>Steve Cohen</namePart>
         <affiliation>United States House of Representatives</affiliation>
         <role>
              <roleTerm type="text">committee member</roleTerm>
        </role>
         <description>United States Congressional Member</description>
    </name>
    <name type="personal">
         <namePart>Andre Carson</namePart>
         <affiliation>United States House of Representatives</affiliation>
         <role>
              <roleTerm type="text">committee member</roleTerm>
        </role>
         <description>United States Congressional Member</description>
    </name>
    <name type="personal">
         <namePart>Salud O. Carbajal</namePart>
         <affiliation>United States House of Representatives</affiliation>
         <role>
              <roleTerm type="text">committee member</roleTerm>
        </role>
         <description>United States Congressional Member</description>
    </name>
    <name type="personal">
         <namePart>Troy A. Carter</namePart>
         <affiliation>United States House of Representatives</affiliation>
         <role>
              <roleTerm type="text">committee member</roleTerm>
        </role>
         <description>United States Congressional Member</description>
    </name>
    <name type="personal">
         <namePart>Lori Chavez-DeRemer</namePart>
         <affiliation>United States House of Representatives</affiliation>
         <role>
              <roleTerm type="text">committee member</roleTerm>
        </role>
         <description>United States Congressional Member</description>
    </name>
    <name type="personal">
         <namePart>Christopher R. Deluzio</namePart>
         <affiliation>United States House of Representatives</affiliation>
         <role>
              <roleTerm type="text">committee member</roleTerm>
        </role>
         <description>United States Congressional Member</description>
    </name>
    <name type="personal">
         <namePart>Mark DeSaulnier</namePart>
         <affiliation>United States House of Representatives</affiliation>
         <role>
              <roleTerm type="text">committee member</roleTerm>
        </role>
         <description>United States Congressional Member</description>
    </name>
    <name type="personal">
         <namePart>Sharice Davids</namePart>
         <affiliation>United States House of Representatives</affiliation>
         <role>
              <roleTerm type="text">committee member</roleTerm>
        </role>
         <description>United States Congressional Member</description>
    </name>
    <name type="personal">
         <namePart>Anthony D&apos;Esposito</namePart>
         <affiliation>United States House of Representatives</affiliation>
         <role>
              <roleTerm type="text">committee member</roleTerm>
        </role>
         <description>United States Congressional Member</description>
    </name>
    <name type="personal">
         <namePart>John S. Duarte</namePart>
         <affiliation>United States House of Representatives</affiliation>
         <role>
              <roleTerm type="text">committee member</roleTerm>
        </role>
         <description>United States Congressional Member</description>
    </name>
    <name type="personal">
         <namePart>Mike Ezell</namePart>
         <affiliation>United States House of Representatives</affiliation>
         <role>
              <roleTerm type="text">committee member</roleTerm>
        </role>
         <description>United States Congressional Member</description>
    </name>
    <name type="personal">
         <namePart>Valerie P. Foushee</namePart>
         <affiliation>United States House of Representatives</affiliation>
         <role>
              <roleTerm type="text">committee member</roleTerm>
        </role>
         <description>United States Congressional Member</description>
    </name>
    <name type="personal">
         <namePart>Vince Fong</namePart>
         <affiliation>United States House of Representatives</affiliation>
         <role>
              <roleTerm type="text">committee member</roleTerm>
        </role>
         <description>United States Congressional Member</description>
    </name>
    <name type="personal">
         <namePart>Sam Graves</namePart>
         <affiliation>United States House of Representatives</affiliation>
         <role>
              <roleTerm type="text">committee member</roleTerm>
        </role>
         <description>United States Congressional Member</description>
    </name>
    <name type="personal">
         <namePart>John Garamendi</namePart>
         <affiliation>United States House of Representatives</affiliation>
         <role>
              <roleTerm type="text">committee member</roleTerm>
        </role>
         <description>United States Congressional Member</description>
    </name>
    <name type="personal">
         <namePart>Garret Graves</namePart>
         <affiliation>United States House of Representatives</affiliation>
         <role>
              <roleTerm type="text">committee member</roleTerm>
        </role>
         <description>United States Congressional Member</description>
    </name>
    <name type="personal">
         <namePart>Jared Huffman</namePart>
         <affiliation>United States House of Representatives</affiliation>
         <role>
              <roleTerm type="text">committee member</roleTerm>
        </role>
         <description>United States Congressional Member</description>
    </name>
    <name type="personal">
         <namePart>Val T. Hoyle</namePart>
         <affiliation>United States House of Representatives</affiliation>
         <role>
              <roleTerm type="text">committee member</roleTerm>
        </role>
         <description>United States Congressional Member</description>
    </name>
    <name type="personal">
         <namePart>Dusty Johnson</namePart>
         <affiliation>United States House of Representatives</affiliation>
         <role>
              <roleTerm type="text">committee member</roleTerm>
        </role>
         <description>United States Congressional Member</description>
    </name>
    <name type="personal">
         <namePart>Thomas H. Kean, Jr.</namePart>
         <affiliation>United States House of Representatives</affiliation>
         <role>
              <roleTerm type="text">committee member</roleTerm>
        </role>
         <description>United States Congressional Member</description>
    </name>
    <name type="personal">
         <namePart>Kevin Kiley</namePart>
         <affiliation>United States House of Representatives</affiliation>
         <role>
              <roleTerm type="text">committee member</roleTerm>
        </role>
         <description>United States Congressional Member</description>
    </name>
    <name type="personal">
         <namePart>Doug LaMalfa</namePart>
         <affiliation>United States House of Representatives</affiliation>
         <role>
              <roleTerm type="text">committee member</roleTerm>
        </role>
         <description>United States Congressional Member</description>
    </name>
    <name type="personal">
         <namePart>Tracey Mann</namePart>
         <affiliation>United States House of Representatives</affiliation>
         <role>
              <roleTerm type="text">committee member</roleTerm>
        </role>
         <description>United States Congressional Member</description>
    </name>
    <name type="personal">
         <namePart>Thomas Massie</namePart>
         <affiliation>United States House of Representatives</affiliation>
         <role>
              <roleTerm type="text">committee member</roleTerm>
        </role>
         <description>United States Congressional Member</description>
    </name>
    <name type="personal">
         <namePart>Seth Moulton</namePart>
         <affiliation>United States House of Representatives</affiliation>
         <role>
              <roleTerm type="text">committee member</roleTerm>
        </role>
         <description>United States Congressional Member</description>
    </name>
    <name type="personal">
         <namePart>Brian J. Mast</namePart>
         <affiliation>United States House of Representatives</affiliation>
         <role>
              <roleTerm type="text">committee member</roleTerm>
        </role>
         <description>United States Congressional Member</description>
    </name>
    <name type="personal">
         <namePart>Marcus J. Molinaro</namePart>
         <affiliation>United States House of Representatives</affiliation>
         <role>
              <roleTerm type="text">committee member</roleTerm>
        </role>
         <description>United States Congressional Member</description>
    </name>
    <name type="personal">
         <namePart>Robert Menendez</namePart>
         <affiliation>United States House of Representatives</affiliation>
         <role>
              <roleTerm type="text">committee member</roleTerm>
        </role>
         <description>United States Congressional Member</description>
    </name>
    <name type="personal">
         <namePart>Celeste Maloy</namePart>
         <affiliation>United States House of Representatives</affiliation>
         <role>
              <roleTerm type="text">committee member</roleTerm>
        </role>
         <description>United States Congressional Member</description>
    </name>
    <name type="personal">
         <namePart>Troy E. Nehls</namePart>
         <affiliation>United States House of Representatives</affiliation>
         <role>
              <roleTerm type="text">committee member</roleTerm>
        </role>
         <description>United States Congressional Member</description>
    </name>
    <name type="personal">
         <namePart>Grace F. Napolitano</namePart>
         <affiliation>United States House of Representatives</affiliation>
         <role>
              <roleTerm type="text">committee member</roleTerm>
        </role>
         <description>United States Congressional Member</description>
    </name>
    <name type="personal">
         <namePart>Burgess Owens</namePart>
         <affiliation>United States House of Representatives</affiliation>
         <role>
              <roleTerm type="text">committee member</roleTerm>
        </role>
         <description>United States Congressional Member</description>
    </name>
    <name type="personal">
         <namePart>Scott Perry</namePart>
         <affiliation>United States House of Representatives</affiliation>
         <role>
              <roleTerm type="text">committee member</roleTerm>
        </role>
         <description>United States Congressional Member</description>
    </name>
    <name type="personal">
         <namePart>Chris Pappas</namePart>
         <affiliation>United States House of Representatives</affiliation>
         <role>
              <roleTerm type="text">committee member</roleTerm>
        </role>
         <description>United States Congressional Member</description>
    </name>
    <name type="personal">
         <namePart>Mary Sattler Peltola</namePart>
         <affiliation>United States House of Representatives</affiliation>
         <role>
              <roleTerm type="text">committee member</roleTerm>
        </role>
         <description>United States Congressional Member</description>
    </name>
    <name type="personal">
         <namePart>Patrick Ryan</namePart>
         <affiliation>United States House of Representatives</affiliation>
         <role>
              <roleTerm type="text">committee member</roleTerm>
        </role>
         <description>United States Congressional Member</description>
    </name>
    <name type="personal">
         <namePart>David Rouzer</namePart>
         <affiliation>United States House of Representatives</affiliation>
         <role>
              <roleTerm type="text">committee member</roleTerm>
        </role>
         <description>United States Congressional Member</description>
    </name>
    <name type="personal">
         <namePart>Marilyn Strickland</namePart>
         <affiliation>United States House of Representatives</affiliation>
         <role>
              <roleTerm type="text">committee member</roleTerm>
        </role>
         <description>United States Congressional Member</description>
    </name>
    <name type="personal">
         <namePart>Greg Stanton</namePart>
         <affiliation>United States House of Representatives</affiliation>
         <role>
              <roleTerm type="text">committee member</roleTerm>
        </role>
         <description>United States Congressional Member</description>
    </name>
    <name type="personal">
         <namePart>Pete Stauber</namePart>
         <affiliation>United States House of Representatives</affiliation>
         <role>
              <roleTerm type="text">committee member</roleTerm>
        </role>
         <description>United States Congressional Member</description>
    </name>
    <name type="personal">
         <namePart>Hillary J. Scholten</namePart>
         <affiliation>United States House of Representatives</affiliation>
         <role>
              <roleTerm type="text">committee member</roleTerm>
        </role>
         <description>United States Congressional Member</description>
    </name>
    <name type="personal">
         <namePart>Emilia Strong Sykes</namePart>
         <affiliation>United States House of Representatives</affiliation>
         <role>
              <roleTerm type="text">committee member</roleTerm>
        </role>
         <description>United States Congressional Member</description>
    </name>
    <name type="personal">
         <namePart>Dina Titus</namePart>
         <affiliation>United States House of Representatives</affiliation>
         <role>
              <roleTerm type="text">committee member</roleTerm>
        </role>
         <description>United States Congressional Member</description>
    </name>
    <name type="personal">
         <namePart>Jefferson Van Drew</namePart>
         <affiliation>United States House of Representatives</affiliation>
         <role>
              <roleTerm type="text">committee member</roleTerm>
        </role>
         <description>United States Congressional Member</description>
    </name>
    <name type="personal">
         <namePart>Daniel Webster</namePart>
         <affiliation>United States House of Representatives</affiliation>
         <role>
              <roleTerm type="text">committee member</roleTerm>
        </role>
         <description>United States Congressional Member</description>
    </name>
    <name type="personal">
         <namePart>Frederica S. Wilson</namePart>
         <affiliation>United States House of Representatives</affiliation>
         <role>
              <roleTerm type="text">committee member</roleTerm>
        </role>
         <description>United States Congressional Member</description>
    </name>
    <name type="personal">
         <namePart>Bruce Westerman</namePart>
         <affiliation>United States House of Representatives</affiliation>
         <role>
              <roleTerm type="text">committee member</roleTerm>
        </role>
         <description>United States Congressional Member</description>
    </name>
    <name type="personal">
         <namePart>Brandon Williams</namePart>
         <affiliation>United States House of Representatives</affiliation>
         <role>
              <roleTerm type="text">committee member</roleTerm>
        </role>
         <description>United States Congressional Member</description>
    </name>
    <name type="personal">
         <namePart>Hon. Pete Buttigieg, Secretary of Transportation, U.S. Department of Transportation,</namePart>
         <role>
              <roleTerm authority="marcrelator" type="text">witness</roleTerm>
              <roleTerm authority="marcrelator" type="code">wit</roleTerm>
        </role>
         <description>Hearing Witness</description>
    </name>
    <relatedItem type="isReferencedBy">
         <identifier type="Jacket citation"></identifier>
    </relatedItem>
    <relatedItem type="isReferencedBy">
         <titleInfo>
              <title>United States House Bill 2912 (118th Congress)</title>
        </titleInfo>
         <identifier type="Congressional Bill citation">H.R. 2912</identifier>
         <extension>
              <congress>118</congress>
              <context>BODY</context>
        </extension>
    </relatedItem>
    <relatedItem type="isReferencedBy">
         <titleInfo>
              <title>United States House Bill 3459 (118th Congress)</title>
        </titleInfo>
         <identifier type="Congressional Bill citation">H.R. 3459</identifier>
         <extension>
              <congress>118</congress>
              <context>BODY</context>
        </extension>
    </relatedItem>
    <relatedItem type="isReferencedBy">
         <titleInfo>
              <title>United States House Bill 3935 (118th Congress)</title>
        </titleInfo>
         <identifier type="Congressional Bill citation">H.R. 3935</identifier>
         <extension>
              <congress>118</congress>
              <context>BODY</context>
        </extension>
    </relatedItem>
    <relatedItem type="isReferencedBy">
         <titleInfo>
              <title>United States House Bill 8495 (118th Congress)</title>
        </titleInfo>
         <identifier type="Congressional Bill citation">H.R. 8495</identifier>
         <extension>
              <congress>118</congress>
              <context>BODY</context>
        </extension>
    </relatedItem>
    <relatedItem type="isReferencedBy">
         <titleInfo>
              <title>United States House Bill 8505 (118th Congress)</title>
        </titleInfo>
         <identifier type="Congressional Bill citation">H.R. 8505</identifier>
         <extension>
              <congress>118</congress>
              <context>BODY</context>
        </extension>
    </relatedItem>
    <relatedItem type="isReferencedBy">
         <titleInfo>
              <title>United States Code</title>
              <partNumber>Title 19 Section 1307</partNumber>
        </titleInfo>
         <identifier type="USC citation">19 U.S.C. 1307</identifier>
    </relatedItem>
    <relatedItem type="isReferencedBy">
         <titleInfo>
              <title>United States Code</title>
              <partNumber>Title 21 Section 802(6)</partNumber>
        </titleInfo>
         <identifier type="USC citation">21 U.S.C. 802(6)</identifier>
    </relatedItem>
    <relatedItem type="isReferencedBy">
         <titleInfo>
              <title>United States Code</title>
              <partNumber>Title 23 Section 120(e)</partNumber>
              <partNumber>Title 23 Section 125</partNumber>
              <partNumber>Title 23 Section 163(a)</partNumber>
        </titleInfo>
         <identifier type="USC citation">23 U.S.C. 120(e)</identifier>
         <identifier type="USC citation">23 U.S.C. 125</identifier>
         <identifier type="USC citation">23 U.S.C. 163(a)</identifier>
    </relatedItem>
    <relatedItem type="isReferencedBy">
         <titleInfo>
              <title>United States Code</title>
              <partNumber>Title 33 Section 1503</partNumber>
        </titleInfo>
         <identifier type="USC citation">33 U.S.C. 1503</identifier>
    </relatedItem>
    <relatedItem type="isReferencedBy">
         <titleInfo>
              <title>United States Code</title>
              <partNumber>Title 49 Section 312</partNumber>
              <partNumber>Title 49 Section 312(b)(2)</partNumber>
              <partNumber>Title 49 Section 31306(c)(2)</partNumber>
              <partNumber>Title 49 Section 40102(a)(15)</partNumber>
              <partNumber>Title 49 Section 41732</partNumber>
              <partNumber>Title 49 Section 5307</partNumber>
              <partNumber>Title 49 Section 5314</partNumber>
              <partNumber>Title 49 Section 5323</partNumber>
              <partNumber>Title 49 Section 5323(d)</partNumber>
              <partNumber>Title 49 Section 5323(r)</partNumber>
              <partNumber>Title 49 Section 5337</partNumber>
              <partNumber>Title 49 Section 5339</partNumber>
        </titleInfo>
         <identifier type="USC citation">49 U.S.C. 312</identifier>
         <identifier type="USC citation">49 U.S.C. 312(b)(2)</identifier>
         <identifier type="USC citation">49 U.S.C. 31306(c)(2)</identifier>
         <identifier type="USC citation">49 U.S.C. 40102(a)(15)</identifier>
         <identifier type="USC citation">49 U.S.C. 41732</identifier>
         <identifier type="USC citation">49 U.S.C. 5307</identifier>
         <identifier type="USC citation">49 U.S.C. 5314</identifier>
         <identifier type="USC citation">49 U.S.C. 5323</identifier>
         <identifier type="USC citation">49 U.S.C. 5323(d)</identifier>
         <identifier type="USC citation">49 U.S.C. 5323(r)</identifier>
         <identifier type="USC citation">49 U.S.C. 5337</identifier>
         <identifier type="USC citation">49 U.S.C. 5339</identifier>
    </relatedItem>
    <relatedItem type="isReferencedBy">
         <titleInfo>
              <title>United States Statutes at Large</title>
              <partNumber>Volume 78 Page 302</partNumber>
        </titleInfo>
         <identifier type="Statute citation">78 Stat. 302</identifier>
    </relatedItem>
    <relatedItem type="isReferencedBy">
         <titleInfo>
              <title>United States Statutes at Large</title>
              <partNumber>Volume 135 Page 429</partNumber>
        </titleInfo>
         <identifier type="Statute citation">135 Stat. 429</identifier>
    </relatedItem>
    <relatedItem type="isReferencedBy">
         <titleInfo>
              <title>United States Public Law 364 (88th Congress)</title>
        </titleInfo>
         <identifier type="public law citation">Public Law 88-364</identifier>
         <identifier type="public law citation">Public Law No 88-364</identifier>
    </relatedItem>
    <relatedItem type="isReferencedBy">
         <titleInfo>
              <title>United States Public Law 365 (88th Congress)</title>
        </titleInfo>
         <identifier type="public law citation">Public Law 88-365</identifier>
         <identifier type="public law citation">Public Law No 88-365</identifier>
    </relatedItem>
    <relatedItem type="isReferencedBy">
         <titleInfo>
              <title>United States Public Law 387 (94th Congress)</title>
        </titleInfo>
         <identifier type="public law citation">Public Law 94-387</identifier>
         <identifier type="public law citation">Public Law No 94-387</identifier>
    </relatedItem>
    <relatedItem type="isReferencedBy">
         <titleInfo>
              <title>United States Public Law 317 (109th Congress)</title>
        </titleInfo>
         <identifier type="public law citation">Public Law 109-317</identifier>
         <identifier type="public law citation">Public Law No 109-317</identifier>
    </relatedItem>
    <relatedItem type="isReferencedBy">
         <titleInfo>
              <title>United States Public Law 94 (114th Congress)</title>
        </titleInfo>
         <identifier type="public law citation">Public Law 114-94</identifier>
         <identifier type="public law citation">Public Law No 114-94</identifier>
    </relatedItem>
    <relatedItem type="isReferencedBy">
         <titleInfo>
              <title>United States Public Law 58 (117th Congress)</title>
        </titleInfo>
         <identifier type="public law citation">Public Law 117-58</identifier>
         <identifier type="public law citation">Public Law No 117-58</identifier>
    </relatedItem>
    <relatedItem type="isReferencedBy">
         <titleInfo>
              <title>United States Public Law 78 (117th Congress)</title>
        </titleInfo>
         <identifier type="public law citation">Public Law 117-78</identifier>
         <identifier type="public law citation">Public Law No 117-78</identifier>
    </relatedItem>
    <relatedItem type="isReferencedBy">
         <titleInfo>
              <title>United States Public Law 42 (118th Congress)</title>
        </titleInfo>
         <identifier type="public law citation">Public Law 118-42</identifier>
         <identifier type="public law citation">Public Law No 118-42</identifier>
    </relatedItem>
    <relatedItem type="isReferencedBy">
         <titleInfo>
              <title>United States Public Law 63 (118th Congress)</title>
        </titleInfo>
         <identifier type="public law citation">Public Law 118-63</identifier>
         <identifier type="public law citation">Public Law No 118-63</identifier>
    </relatedItem>
    <relatedItem type="isReferencedBy">
         <titleInfo>
              <title>Code of Federal Regulations</title>
              <partNumber>Title 14 Part 107</partNumber>
        </titleInfo>
         <identifier type="CFR citation">14 CFR Part  107</identifier>
    </relatedItem>
    <relatedItem type="isReferencedBy">
         <titleInfo>
              <title>Code of Federal Regulations</title>
              <partNumber>Title 14 Part 135</partNumber>
        </titleInfo>
         <identifier type="CFR citation">14 CFR Part  135</identifier>
    </relatedItem>
    <relatedItem type="isReferencedBy">
         <titleInfo>
              <title>Code of Federal Regulations</title>
              <partNumber>Title 14 Part 61</partNumber>
        </titleInfo>
         <identifier type="CFR citation">14 CFR Part  61</identifier>
    </relatedItem>
    <relatedItem type="isReferencedBy">
         <titleInfo>
              <title>Code of Federal Regulations</title>
              <partNumber>Title 49 Part 381.320</partNumber>
        </titleInfo>
         <identifier type="CFR citation">49 CFR Part  381.320</identifier>
    </relatedItem>
    <relatedItem type="isReferencedBy">
         <titleInfo>
              <title>Code of Federal Regulations</title>
              <partNumber>Title 49 Part 392.22(b) and</partNumber>
        </titleInfo>
         <identifier type="CFR citation">49 CFR Part  392.22(b) and</identifier>
    </relatedItem>
    <relatedItem type="isReferencedBy">
         <titleInfo>
              <title>Code of Federal Regulations</title>
              <partNumber>Title 49 Part 393.25(e)</partNumber>
        </titleInfo>
         <identifier type="CFR citation">49 CFR Part  393.25(e)</identifier>
    </relatedItem>
    <relatedItem type="isReferencedBy">
         <titleInfo>
              <title>Code of Federal Regulations</title>
              <partNumber>Title 49 Part 393.95(f)</partNumber>
        </titleInfo>
         <identifier type="CFR citation">49 CFR Part  393.95(f)</identifier>
    </relatedItem>
    <relatedItem type="isReferencedBy">
         <titleInfo>
              <title>Code of Federal Regulations</title>
              <partNumber>Title 49 Part 40</partNumber>
        </titleInfo>
         <identifier type="CFR citation">49 CFR Part  40</identifier>
    </relatedItem>
    <relatedItem type="isReferencedBy">
         <titleInfo>
              <title>United States Congress Serial Number 63 (118th Congress)</title>
        </titleInfo>
         <identifier type="congressional serial number">Serial No. 118-63</identifier>
    </relatedItem>
</mods>