<?xml version="1.0" encoding="UTF-8"?><mets xmlns="http://www.loc.gov/METS/" xmlns:utils="xalan://gov.gpo.fdsys.utils" xmlns:datetime="http://exslt.org/dates-and-times" xmlns:xalan="http://xml.apache.org/xalan" xmlns:xsi="http://www.w3.org/2001/XMLSchema-instance" xmlns:xlink="http://www.w3.org/1999/xlink" xsi:schemaLocation="http://www.loc.gov/METS/ http://www.loc.gov/standards/mets/mets.xsd" ID="P0b002ee1d1ff7f84" LABEL="1000 DAYS OF RUSSIA'S WAR ON UKRAINE" OBJID="CHRG-118jhrg57466">
<metsHdr CREATEDATE="2025-04-23T11:40:06Z" LASTMODDATE="2025-04-23T11:40:06Z">
<agent ROLE="CREATOR" TYPE="ORGANIZATION">
<name>United States Government Publishing Office</name>
</agent>
</metsHdr>
<dmdSec ID="descriptive-metadata-mods-id-57466">
<mdRef ID="id-57466" MIMETYPE="text/xml" XPTR="/mods/relatedItem[@ID='id-57466']" LOCTYPE="URL" xlink:href="file://mods.xml" MDTYPE="MODS"/>
</dmdSec>
<amdSec>
<digiprovMD ID="provenance-metadata-premis">
<mdRef MIMETYPE="text/xml" LOCTYPE="URL" xlink:href="file://premis.xml" MDTYPE="PREMIS"/>
</digiprovMD>
</amdSec>
<fileSec><fileGrp USE="text/html"><file ID="FID1" MIMETYPE="text/html" SIZE="90360" DMDID="id-57466">
<FLocat LOCTYPE="URL" xlink:href="file://html/CHRG-118jhrg57466.htm"/>
<FLocat LOCTYPE="URL" xlink:href="https://www.govinfo.gov/content/pkg/CHRG-118jhrg57466/html/CHRG-118jhrg57466.htm"/>
</file></fileGrp><fileGrp USE="application/pdf"><file ID="FID2" MIMETYPE="application/pdf" SIZE="814431" DMDID="id-57466">
<FLocat LOCTYPE="URL" xlink:href="file://pdf/CHRG-118jhrg57466.pdf"/>
<FLocat LOCTYPE="URL" xlink:href="https://www.govinfo.gov/content/pkg/CHRG-118jhrg57466/pdf/CHRG-118jhrg57466.pdf"/>
</file></fileGrp></fileSec>
<structMap>
<div>
<div DMDID="id-57466" ADMID="provenance-metadata-premis">
<fptr FILEID="FID1"/>
</div>
<div DMDID="id-57466" ADMID="provenance-metadata-premis">
<fptr FILEID="FID2"/>
</div>
</div>
</structMap>
</mets>
