<mods xmlns:xlink="http://www.w3.org/1999/xlink" xmlns:exslt="http://exslt.org/common" xmlns:xsi="http://www.w3.org/2001/XMLSchema-instance" xmlns="http://www.loc.gov/mods/v3" version="3.3" xsi:schemaLocation="http://www.loc.gov/mods/v3 http://www.loc.gov/standards/mods/v3/mods-3-3.xsd" ID="P0b002ee1d1ff7f84">
    <name type="corporate">
         <namePart>United States Government Publishing Office</namePart>
         <role>
              <roleTerm authority="marcrelator" type="text">publisher</roleTerm>
              <roleTerm authority="marcrelator" type="code">pbl</roleTerm>
        </role>
         <role>
              <roleTerm authority="marcrelator" type="text">distributor</roleTerm>
              <roleTerm authority="marcrelator" type="code">dst</roleTerm>
        </role>
    </name>
    <name type="corporate">
         <namePart>United States</namePart>
         <namePart>Congress</namePart>
         <role>
              <roleTerm authority="marcrelator" type="text">author</roleTerm>
              <roleTerm authority="marcrelator" type="code">aut</roleTerm>
        </role>
         <description>Government Organization</description>
    </name>
    <typeOfResource>text</typeOfResource>
    <genre authority="marcgt">government publication</genre>
    <language>
         <languageTerm type="code" authority="iso639-2b">eng</languageTerm>
    </language>
    <extension>
         <collectionCode>CHRG</collectionCode>
         <category>Congressional Committee Materials</category>
         <branch>legislative</branch>
         <dateIngested>2025-04-23</dateIngested>
    </extension>
    <titleInfo>
         <title>1000 DAYS OF RUSSIA&apos;S WAR ON UKRAINE</title>
    </titleInfo>
    <titleInfo type="alternative"></titleInfo>
    <location>
         <url displayLabel="Content Detail" access="object in context">https://www.govinfo.gov/app/details/CHRG-118jhrg57466</url>
         <url displayLabel="HTML rendition" access="raw object">https://www.govinfo.gov/content/pkg/CHRG-118jhrg57466/html/CHRG-118jhrg57466.htm</url>
         <url displayLabel="PDF rendition" access="raw object">https://www.govinfo.gov/content/pkg/CHRG-118jhrg57466/pdf/CHRG-118jhrg57466.pdf</url>
    </location>
    <originInfo>
         <publisher>U.S. Government Publishing Office</publisher>
         <dateIssued encoding="w3cdtf">2024-11-19</dateIssued>
         <issuance>monographic</issuance>
    </originInfo>
    <physicalDescription>
         <note type="source content type">deposited</note>
         <digitalOrigin>born digital</digitalOrigin>
         <extent>34 digital object pages</extent>
    </physicalDescription>
    <identifier type="uri">https://www.govinfo.gov/app/details/CHRG-118jhrg57466</identifier>
    <identifier type="local">P0b002ee1d1ff7f84</identifier>
    <identifier type="former package identifier">f:57466.txt</identifier>
    <recordInfo>
         <recordContentSource authority="marcorg">DGPO</recordContentSource>
         <recordCreationDate encoding="w3cdtf">2025-04-23</recordCreationDate>
         <recordChangeDate encoding="w3cdtf">2025-04-23</recordChangeDate>
         <recordIdentifier source="DGPO">CHRG-118jhrg57466</recordIdentifier>
         <recordOrigin>machine generated</recordOrigin>
         <languageOfCataloging>
              <languageTerm type="code" authority="iso639-2b">eng</languageTerm>
        </languageOfCataloging>
    </recordInfo>
    <accessCondition type="GPO scope determination">fdlp</accessCondition>
    <extension>
         <docClass>JHRG</docClass>
         <accessId>CHRG-118jhrg57466</accessId>
         <type>G</type>
         <chamber>JOINT</chamber>
         <congress years="2023-2024">118</congress>
         <session>2</session>
         <heldDate>2024-11-19</heldDate>
         <preferredCitation>Joint Committee Print CSCE</preferredCitation>
    </extension>
    <extension>
         <searchTitle>1000 DAYS OF RUSSIA&apos;S WAR ON UKRAINE</searchTitle>
         <granuleClass>OTHERPART</granuleClass>
         <accessId>CHRG-118jhrg57466</accessId>
         <graphicsInPDF>true</graphicsInPDF>
         <witness>Volodymyr Zelensky, President of Ukraine [via recorded video]</witness>
         <witness>Andrii Sybiha, Foreign Minister of Ukraine</witness>
         <witness>Hanna Hopko, Former Chairwoman of Ukrainian Rada Foreign Affairs Committee; Co-Founder, International Center for Ukrainian Victory</witness>
         <witness>Mariia Kucherenko, Head of Russia Studies, Come Back Alive</witness>
         <witness>Andrew Michta, Director and Senior Fellow, Scowcroft GeoStrategy Initiative, Atlantic Council</witness>
         <isAppropriation>false</isAppropriation>
         <jacketId>57-466</jacketId>
         <congCommittee chamber="H" congress="118">
                                    
              <name type="parsed">Commission on Security and Cooperation in Europe U.S. Helsinki Commission U.S.</name>
                                
        </congCommittee>
         <congCommittee authorityId="jcse00" chamber="J" congress="118" type="O">
                                    
              <name type="authority-standard">Commission on Security and Cooperation in Europe (U.S. Helsinki Commission)</name>
                                    
              <name type="authority-short">Commission on Security and Cooperation in Europe (U.S. Helsinki Commission)</name>
                                
        </congCommittee>
         <congMember bioGuideId="A000055" chamber="H" congress="118" party="R" role="COMMMEMBER" state="AL">
                                    
              <name type="parsed">ROBERT B. ADERHOLT of Alabama</name>
                                    
              <name type="authority-fnf">Robert B. Aderholt</name>
                                    
              <name type="authority-lnf">Aderholt, Robert B.</name>
                                    
              <name type="authority-other">Mr. Robert Aderholt</name>
                                
        </congMember>
         <congMember bioGuideId="B001236" chamber="S" congress="118" party="R" role="COMMMEMBER" state="AR">
                                    
              <name type="parsed">JOHN BOOZMAN of Arkansas</name>
                                    
              <name type="authority-fnf">John Boozman</name>
                                    
              <name type="authority-lnf">Boozman, John</name>
                                
        </congMember>
         <congMember bioGuideId="B001277" chamber="S" congress="118" party="D" role="COMMMEMBER" state="CT">
                                    
              <name type="parsed">RICHARD BLUMENTHAL of Connecticut</name>
                                    
              <name type="authority-fnf">Richard Blumenthal</name>
                                    
              <name type="authority-lnf">Blumenthal, Richard</name>
                                
        </congMember>
         <congMember bioGuideId="C000141" chamber="S" congress="118" party="D" role="COMMMEMBER" state="MD">
                                    
              <name type="parsed">BENJAMIN L. CARDIN of Maryland</name>
                                    
              <name type="authority-fnf">Benjamin L. Cardin</name>
                                    
              <name type="authority-lnf">Cardin, Benjamin L.</name>
                                    
              <name type="authority-other">Mr. Ben Cardin</name>
                                
        </congMember>
         <congMember bioGuideId="C001061" chamber="H" congress="118" party="D" role="COMMMEMBER" state="MO">
                                    
              <name type="parsed">EMANUEL CLEAVER, II of Missouri</name>
                                    
              <name type="authority-fnf">Emanuel Cleaver</name>
                                    
              <name type="authority-lnf">Cleaver, Emanuel</name>
                                
        </congMember>
         <congMember bioGuideId="C001068" chamber="H" congress="118" party="D" role="COMMMEMBER" state="TN">
                                    
              <name type="parsed">STEVE COHEN of Tennessee</name>
                                    
              <name type="authority-fnf">Steve Cohen</name>
                                    
              <name type="authority-lnf">Cohen, Steve</name>
                                
        </congMember>
         <congMember bioGuideId="G000574" chamber="H" congress="118" party="D" role="COMMMEMBER" state="AZ">
                                    
              <name type="parsed">RUBEN GALLEGO of Arizona</name>
                                    
              <name type="authority-fnf">Ruben Gallego</name>
                                    
              <name type="authority-lnf">Gallego, Ruben</name>
                                
        </congMember>
         <congMember bioGuideId="H001067" chamber="H" congress="118" party="R" role="COMMMEMBER" state="NC">
                                    
              <name type="parsed">RICHARD HUDSON of North Carolina</name>
                                    
              <name type="authority-fnf">Richard Hudson</name>
                                    
              <name type="authority-lnf">Hudson, Richard</name>
                                
        </congMember>
         <congMember bioGuideId="L000599" chamber="H" congress="118" party="R" role="COMMMEMBER" state="NY">
                                    
              <name type="parsed">MICHAEL LAWLER of New York</name>
                                    
              <name type="authority-fnf">Michael Lawler</name>
                                    
              <name type="authority-lnf">Lawler, Michael</name>
                                
        </congMember>
         <congMember bioGuideId="S000929" chamber="H" congress="118" party="R" role="COMMMEMBER" state="IN">
                                    
              <name type="parsed">VICTORIA SPARTZ of Indiana</name>
                                    
              <name type="authority-fnf">Victoria Spartz</name>
                                    
              <name type="authority-lnf">Spartz, Victoria</name>
                                
        </congMember>
         <congMember bioGuideId="S001181" chamber="S" congress="118" party="D" role="COMMMEMBER" state="NH">
                                    
              <name type="parsed">JEANNE SHAHEEN of New Hampshire</name>
                                    
              <name type="authority-fnf">Jeanne Shaheen</name>
                                    
              <name type="authority-lnf">Shaheen, Jeanne</name>
                                
        </congMember>
         <congMember bioGuideId="S001184" chamber="S" congress="118" party="R" role="COMMMEMBER" state="SC">
                                    
              <name type="parsed">TIM SCOTT of South Carolina</name>
                                    
              <name type="authority-fnf">Tim Scott</name>
                                    
              <name type="authority-lnf">Scott, Tim</name>
                                
        </congMember>
         <congMember bioGuideId="S001203" chamber="S" congress="118" party="D" role="COMMMEMBER" state="MN">
                                    
              <name type="parsed">TINA SMITH of Minnesota</name>
                                    
              <name type="authority-fnf">Tina Smith</name>
                                    
              <name type="authority-lnf">Smith, Tina</name>
                                
        </congMember>
         <congMember bioGuideId="T000476" chamber="S" congress="118" party="R" role="COMMMEMBER" state="NC">
                                    
              <name type="parsed">THOM TILLIS of North Carolina</name>
                                    
              <name type="authority-fnf">Thom Tillis</name>
                                    
              <name type="authority-lnf">Tillis, Thomas</name>
                                    
              <name type="authority-other">Mr. Thomas Roland Tillis</name>
                                
        </congMember>
         <congMember bioGuideId="V000131" chamber="H" congress="118" party="D" role="COMMMEMBER" state="TX">
                                    
              <name type="parsed">MARC A. VEASEY of Texas</name>
                                    
              <name type="authority-fnf">Marc A. Veasey</name>
                                    
              <name type="authority-lnf">Veasey, Marc A.</name>
                                    
              <name type="authority-other">Mr. Marc Veasey</name>
                                
        </congMember>
         <congMember bioGuideId="W000437" chamber="S" congress="118" party="R" role="COMMMEMBER" state="MS">
                                    
              <name type="parsed">ROGER F. WICKER of Mississippi</name>
                                    
              <name type="authority-fnf">Roger F. Wicker</name>
                                    
              <name type="authority-lnf">Wicker, Roger F.</name>
                                    
              <name type="authority-other">Mr. Roger Wicker</name>
                                
        </congMember>
         <congMember bioGuideId="W000795" chamber="H" congress="118" party="R" role="COMMMEMBER" state="SC">
                                    
              <name type="parsed">JOE WILSON of South Carolina</name>
                                    
              <name type="authority-fnf">Joe Wilson</name>
                                    
              <name type="authority-lnf">Wilson, Joe</name>
                                
        </congMember>
         <congMember bioGuideId="W000802" chamber="S" congress="118" party="D" role="COMMMEMBER" state="RI">
                                    
              <name type="parsed">SHELDON WHITEHOUSE of Rhode Island</name>
                                    
              <name type="authority-fnf">Sheldon Whitehouse</name>
                                    
              <name type="authority-lnf">Whitehouse, Sheldon</name>
                                
        </congMember>
         <isNomination>false</isNomination>
         <isErrata>false</isErrata>
    </extension>
    <name type="corporate">
         <namePart>United States</namePart>
         <namePart>Congress</namePart>
         <namePart>House of Representatives</namePart>
         <namePart>Commission on Security and Cooperation in Europe U.S. Helsinki Commission U.S.</namePart>
         <role>
              <roleTerm authority="marcrelator" type="text">associated name</roleTerm>
              <roleTerm authority="marcrelator" type="code">asn</roleTerm>
        </role>
         <description>Government Organization</description>
    </name>
    <name type="corporate">
         <namePart>United States</namePart>
         <namePart>Congress</namePart>
         <namePart></namePart>
         <namePart>Commission on Security and Cooperation in Europe (U.S. Helsinki Commission)</namePart>
         <role>
              <roleTerm authority="marcrelator" type="text">associated name</roleTerm>
              <roleTerm authority="marcrelator" type="code">asn</roleTerm>
        </role>
         <description>Government Organization</description>
    </name>
    <name type="personal">
         <namePart>Robert B. Aderholt</namePart>
         <affiliation>United States House of Representatives</affiliation>
         <role>
              <roleTerm type="text">committee member</roleTerm>
        </role>
         <description>United States Congressional Member</description>
    </name>
    <name type="personal">
         <namePart>John Boozman</namePart>
         <affiliation>United States Senate</affiliation>
         <role>
              <roleTerm type="text">committee member</roleTerm>
        </role>
         <description>United States Congressional Member</description>
    </name>
    <name type="personal">
         <namePart>Richard Blumenthal</namePart>
         <affiliation>United States Senate</affiliation>
         <role>
              <roleTerm type="text">committee member</roleTerm>
        </role>
         <description>United States Congressional Member</description>
    </name>
    <name type="personal">
         <namePart>Benjamin L. Cardin</namePart>
         <affiliation>United States Senate</affiliation>
         <role>
              <roleTerm type="text">committee member</roleTerm>
        </role>
         <description>United States Congressional Member</description>
    </name>
    <name type="personal">
         <namePart>Emanuel Cleaver</namePart>
         <affiliation>United States House of Representatives</affiliation>
         <role>
              <roleTerm type="text">committee member</roleTerm>
        </role>
         <description>United States Congressional Member</description>
    </name>
    <name type="personal">
         <namePart>Steve Cohen</namePart>
         <affiliation>United States House of Representatives</affiliation>
         <role>
              <roleTerm type="text">committee member</roleTerm>
        </role>
         <description>United States Congressional Member</description>
    </name>
    <name type="personal">
         <namePart>Ruben Gallego</namePart>
         <affiliation>United States House of Representatives</affiliation>
         <role>
              <roleTerm type="text">committee member</roleTerm>
        </role>
         <description>United States Congressional Member</description>
    </name>
    <name type="personal">
         <namePart>Richard Hudson</namePart>
         <affiliation>United States House of Representatives</affiliation>
         <role>
              <roleTerm type="text">committee member</roleTerm>
        </role>
         <description>United States Congressional Member</description>
    </name>
    <name type="personal">
         <namePart>Michael Lawler</namePart>
         <affiliation>United States House of Representatives</affiliation>
         <role>
              <roleTerm type="text">committee member</roleTerm>
        </role>
         <description>United States Congressional Member</description>
    </name>
    <name type="personal">
         <namePart>Victoria Spartz</namePart>
         <affiliation>United States House of Representatives</affiliation>
         <role>
              <roleTerm type="text">committee member</roleTerm>
        </role>
         <description>United States Congressional Member</description>
    </name>
    <name type="personal">
         <namePart>Jeanne Shaheen</namePart>
         <affiliation>United States Senate</affiliation>
         <role>
              <roleTerm type="text">committee member</roleTerm>
        </role>
         <description>United States Congressional Member</description>
    </name>
    <name type="personal">
         <namePart>Tim Scott</namePart>
         <affiliation>United States Senate</affiliation>
         <role>
              <roleTerm type="text">committee member</roleTerm>
        </role>
         <description>United States Congressional Member</description>
    </name>
    <name type="personal">
         <namePart>Tina Smith</namePart>
         <affiliation>United States Senate</affiliation>
         <role>
              <roleTerm type="text">committee member</roleTerm>
        </role>
         <description>United States Congressional Member</description>
    </name>
    <name type="personal">
         <namePart>Thom Tillis</namePart>
         <affiliation>United States Senate</affiliation>
         <role>
              <roleTerm type="text">committee member</roleTerm>
        </role>
         <description>United States Congressional Member</description>
    </name>
    <name type="personal">
         <namePart>Marc A. Veasey</namePart>
         <affiliation>United States House of Representatives</affiliation>
         <role>
              <roleTerm type="text">committee member</roleTerm>
        </role>
         <description>United States Congressional Member</description>
    </name>
    <name type="personal">
         <namePart>Roger F. Wicker</namePart>
         <affiliation>United States Senate</affiliation>
         <role>
              <roleTerm type="text">committee member</roleTerm>
        </role>
         <description>United States Congressional Member</description>
    </name>
    <name type="personal">
         <namePart>Joe Wilson</namePart>
         <affiliation>United States House of Representatives</affiliation>
         <role>
              <roleTerm type="text">committee member</roleTerm>
        </role>
         <description>United States Congressional Member</description>
    </name>
    <name type="personal">
         <namePart>Sheldon Whitehouse</namePart>
         <affiliation>United States Senate</affiliation>
         <role>
              <roleTerm type="text">committee member</roleTerm>
        </role>
         <description>United States Congressional Member</description>
    </name>
    <name type="personal">
         <namePart>Volodymyr Zelensky, President of Ukraine [via recorded video]</namePart>
         <role>
              <roleTerm authority="marcrelator" type="text">witness</roleTerm>
              <roleTerm authority="marcrelator" type="code">wit</roleTerm>
        </role>
         <description>Hearing Witness</description>
    </name>
    <name type="personal">
         <namePart>Andrii Sybiha, Foreign Minister of Ukraine</namePart>
         <role>
              <roleTerm authority="marcrelator" type="text">witness</roleTerm>
              <roleTerm authority="marcrelator" type="code">wit</roleTerm>
        </role>
         <description>Hearing Witness</description>
    </name>
    <name type="personal">
         <namePart>Hanna Hopko, Former Chairwoman of Ukrainian Rada Foreign Affairs Committee; Co-Founder, International Center for Ukrainian Victory</namePart>
         <role>
              <roleTerm authority="marcrelator" type="text">witness</roleTerm>
              <roleTerm authority="marcrelator" type="code">wit</roleTerm>
        </role>
         <description>Hearing Witness</description>
    </name>
    <name type="personal">
         <namePart>Mariia Kucherenko, Head of Russia Studies, Come Back Alive</namePart>
         <role>
              <roleTerm authority="marcrelator" type="text">witness</roleTerm>
              <roleTerm authority="marcrelator" type="code">wit</roleTerm>
        </role>
         <description>Hearing Witness</description>
    </name>
    <name type="personal">
         <namePart>Andrew Michta, Director and Senior Fellow, Scowcroft GeoStrategy Initiative, Atlantic Council</namePart>
         <role>
              <roleTerm authority="marcrelator" type="text">witness</roleTerm>
              <roleTerm authority="marcrelator" type="code">wit</roleTerm>
        </role>
         <description>Hearing Witness</description>
    </name>
    <relatedItem type="isReferencedBy">
         <identifier type="Jacket citation"></identifier>
    </relatedItem>
</mods>