<?xml version="1.0" encoding="UTF-8"?>
<premis xmlns="info:lc/xmlns/premis-v2" xmlns:xsi="http://www.w3.org/2001/XMLSchema-instance" xsi:schemaLocation="info:lc/xmlns/premis-v2 http://www.loc.gov/standards/premis/v2/premis-v2-0.xsd" version="2.0">
    <object xsi:type="representation">
        <objectIdentifier>
            <objectIdentifierType>FDsys ACP</objectIdentifierType>
            <objectIdentifierValue>R0b002ee1d1ff7f85</objectIdentifierValue>
        </objectIdentifier>
    </object>
    <object xsi:type="file">
        <objectIdentifier>
            <objectIdentifierType>FDsys ACP</objectIdentifierType>
            <objectIdentifierValue>D09002ee1d1ff7f6a</objectIdentifierValue>
        </objectIdentifier>
        <objectCharacteristics>
            <compositionLevel>0</compositionLevel>
            <format>
                <formatDesignation>
                    <formatName>text/plain</formatName>
                </formatDesignation>
            </format>
        </objectCharacteristics>
    </object>
    <object xsi:type="representation">
        <objectIdentifier>
            <objectIdentifierType>FDsys ACP</objectIdentifierType>
            <objectIdentifierValue>R0b002ee1d1ff7f86</objectIdentifierValue>
        </objectIdentifier>
    </object>
    <object xsi:type="file">
        <objectIdentifier>
            <objectIdentifierType>FDsys ACP</objectIdentifierType>
            <objectIdentifierValue>D09002ee1d1ff7f69</objectIdentifierValue>
        </objectIdentifier>
        <objectCharacteristics>
            <compositionLevel>1</compositionLevel>
            <format>
                <formatDesignation>
                    <formatName>application/pdf</formatName>
                </formatDesignation>
            </format>
        </objectCharacteristics>
    </object>
    <object xsi:type="bitstream">
        <objectIdentifier>
            <objectIdentifierType>FDsys ACP</objectIdentifierType>
            <objectIdentifierValue>D09002ee1d1ff7f69-file1</objectIdentifierValue>
        </objectIdentifier>
        <objectCharacteristics>
            <compositionLevel>0</compositionLevel>
            <format>
                <formatDesignation>
                    <formatName>application/octet-stream</formatName>
                </formatDesignation>
            </format>
        </objectCharacteristics>
    </object>
    <object xsi:type="representation">
        <objectIdentifier>
            <objectIdentifierType>FDsys ACP</objectIdentifierType>
            <objectIdentifierValue>R0b002ee1d1ff7f87</objectIdentifierValue>
        </objectIdentifier>
    </object>
    <object xsi:type="file">
        <objectIdentifier>
            <objectIdentifierType>FDsys ACP</objectIdentifierType>
            <objectIdentifierValue>D09002ee1d1ff7f68</objectIdentifierValue>
        </objectIdentifier>
        <objectCharacteristics>
            <compositionLevel>0</compositionLevel>
            <format>
                <formatDesignation>
                    <formatName>text/locator</formatName>
                </formatDesignation>
            </format>
        </objectCharacteristics>
    </object>
    <object xsi:type="representation">
        <objectIdentifier>
            <objectIdentifierType>FDsys ACP</objectIdentifierType>
            <objectIdentifierValue>R0b002ee1d1ffab0e</objectIdentifierValue>
        </objectIdentifier>
    </object>
    <object xsi:type="file">
        <objectIdentifier>
            <objectIdentifierType>FDsys ACP</objectIdentifierType>
            <objectIdentifierValue>D09002ee1d1ffac10</objectIdentifierValue>
        </objectIdentifier>
        <objectCharacteristics>
            <compositionLevel>0</compositionLevel>
            <fixity>
                <messageDigestAlgorithm>SHA-256</messageDigestAlgorithm>
                <messageDigest>8f212e93b63e34e1b93b2da297c1d1b10505401655f36821c72330eb3d435a4a</messageDigest>
                <messageDigestOriginator>FDsys</messageDigestOriginator>
            </fixity>
            <size>88837</size>
            <format>
                <formatDesignation>
                    <formatName>text/html</formatName>
                </formatDesignation>
                <formatRegistry>
                    <formatRegistryName>PRONOM</formatRegistryName>
                    <formatRegistryKey>fmt/96</formatRegistryKey>
                </formatRegistry>
                <formatNote>Hypertext Markup Language</formatNote>
            </format>
        </objectCharacteristics>
        <originalName>CHRG-118jhrg57466.htm</originalName>
        <storage>
            <contentLocation>
                <contentLocationType>URI</contentLocationType>
                <contentLocationValue>Public Access Rendition https://www.govinfo.gov/content/pkg/CHRG-118jhrg57466/html/CHRG-118jhrg57466.htm</contentLocationValue>
            </contentLocation>
            <storageMedium>hard disk</storageMedium>
        </storage>
        <relationship>
            <relationshipType>structural</relationshipType>
            <relationshipSubType>is part of</relationshipSubType><relatedObjectIdentification>
                <relatedObjectIdentifierType>FDsys ACP</relatedObjectIdentifierType>
                <relatedObjectIdentifierValue>R0b002ee1d1ffab0e</relatedObjectIdentifierValue>
            </relatedObjectIdentification>
        </relationship>
    </object>
    <object xsi:type="representation">
        <objectIdentifier>
            <objectIdentifierType>FDsys ACP</objectIdentifierType>
            <objectIdentifierValue>R0b002ee1d1ffab0f</objectIdentifierValue>
        </objectIdentifier>
    </object>
    <object xsi:type="file">
        <objectIdentifier>
            <objectIdentifierType>FDsys ACP</objectIdentifierType>
            <objectIdentifierValue>D09002ee1d1ffac11</objectIdentifierValue>
        </objectIdentifier>
        <objectCharacteristics>
            <compositionLevel>0</compositionLevel>
            <fixity>
                <messageDigestAlgorithm>SHA-256</messageDigestAlgorithm>
                <messageDigest>aa3c325f782608498c03088f77f25ace905902bbc6e9ef66d53cd6c399e4ce1e</messageDigest>
                <messageDigestOriginator>FDsys</messageDigestOriginator>
            </fixity>
            <size>814431</size>
            <format>
                <formatDesignation>
                    <formatName>application/pdf</formatName>
                </formatDesignation>
                <formatRegistry>
                    <formatRegistryName>PRONOM</formatRegistryName>
                    <formatRegistryKey>fmt/18</formatRegistryKey>
                </formatRegistry>
                <formatNote>Acrobat PDF 1.4 - Portable Document Format</formatNote>
            </format>
        </objectCharacteristics>
        <originalName>CHRG-118jhrg57466.pdf</originalName>
        <storage>
            <contentLocation>
                <contentLocationType>URI</contentLocationType>
                <contentLocationValue>Public Access Rendition https://www.govinfo.gov/content/pkg/CHRG-118jhrg57466/pdf/CHRG-118jhrg57466.pdf</contentLocationValue>
            </contentLocation>
            <storageMedium>hard disk</storageMedium>
        </storage>
        <signatureInformation>
            <signature>
                <signatureEncoding/>
                <signer>Superintendent of Documents &lt;pkisupport@gpo.gov&gt;</signer>
                <signatureMethod>RSA-SHA256</signatureMethod>
                <signatureValue/>
                <signatureValidationRules>ISO 32000-1:2008 and Adobe Supplement to the ISO 32000-1:2008, Base Level 1.7, Extension Level 3</signatureValidationRules>
                <keyInformation>
                    <keyType>RSA</keyType>
                    <keyValue>30 82 01 22 30 0D 06 09 2A 86 48 86 F7 0D 01 01 01 05 00 03 82 01 0F 00 30 82 01 0A 02 82 01 01 00 D1 0C 43 2A 4C 5A 0A 85 C9 13 30 02 9A 56 B3 50 28 B7 EA 31 DD 16 CE B3 37 49 30 AF 44 96 C2 26 4C A7 82 C9 5A F1 B2 93 C6 FD E9 CE 24 A3 8F CD CD FD 76 9B 51 8A 6F BA FC EE 40 B7 79 12 59 9E F9 CC AD 38 7F E1 39 75 D7 39 55 BB A7 12 84 41 78 AD 1A A6 45 43 BB 24 58 E6 BC DC 3E 6B 87 7E 5A 6E 6E 8A 39 3A ED 25 6B 90 98 36 91 66 52 DA 9B BE F2 AB C0 A8 6E 91 48 78 24 E5 B2 6A 22 E8 10 81 8E F2 35 13 E4 1A 6D D8 6C FC 78 99 9C 78 A4 18 54 09 72 ED 31 F5 EB 17 A8 7C 3F 7A 3B 72 8F 43 47 FD 89 48 F7 F6 EC FF CD F4 B7 0B 46 47 92 3F 80 C6 9A 36 6B 99 D4 EA A2 AB 90 EA 31 40 1B 6C 16 AD 31 B5 D3 C9 25 90 7E 19 E8 B2 49 75 31 F7 14 5D 9B FE 1D 70 80 B1 54 1A 81 07 CF 28 36 98 A2 DF 22 69 4B 7C C9 53 7B F5 6C 5F 9A 6A B2 A1 9D BA 47 A0 51 41 24 33 26 A7 D3 DE 30 D1 02 03 01 00 01</keyValue>
                </keyInformation>
            </signature>
        </signatureInformation>
        <relationship>
            <relationshipType>structural</relationshipType>
            <relationshipSubType>is part of</relationshipSubType><relatedObjectIdentification>
                <relatedObjectIdentifierType>FDsys ACP</relatedObjectIdentifierType>
                <relatedObjectIdentifierValue>R0b002ee1d1ffab0f</relatedObjectIdentifierValue>
            </relatedObjectIdentification>
        </relationship>
    </object>
    <object xsi:type="representation">
        <objectIdentifier>
            <objectIdentifierType>FDsys AIP</objectIdentifierType>
            <objectIdentifierValue>R0b002ee1d1ffa9af</objectIdentifierValue>
        </objectIdentifier>
    </object>
    <object xsi:type="file">
        <objectIdentifier>
            <objectIdentifierType>FDsys AIP</objectIdentifierType>
            <objectIdentifierValue>D09002ee1d1ffa9b8</objectIdentifierValue>
        </objectIdentifier>
        <objectCharacteristics>
            <compositionLevel>0</compositionLevel>
            <format>
                <formatDesignation>
                    <formatName>text/locator</formatName>
                </formatDesignation>
            </format>
        </objectCharacteristics>
    </object>
    <object xsi:type="representation">
        <objectIdentifier>
            <objectIdentifierType>FDsys AIP</objectIdentifierType>
            <objectIdentifierValue>R0b002ee1d1ffa9b2</objectIdentifierValue>
        </objectIdentifier>
    </object>
    <object xsi:type="file">
        <objectIdentifier>
            <objectIdentifierType>FDsys AIP</objectIdentifierType>
            <objectIdentifierValue>D09002ee1d1ffa9ba</objectIdentifierValue>
        </objectIdentifier>
        <objectCharacteristics>
            <compositionLevel>1</compositionLevel>
            <format>
                <formatDesignation>
                    <formatName>application/pdf</formatName>
                </formatDesignation>
            </format>
        </objectCharacteristics>
    </object>
    <object xsi:type="bitstream">
        <objectIdentifier>
            <objectIdentifierType>FDsys AIP</objectIdentifierType>
            <objectIdentifierValue>D09002ee1d1ffa9ba-file1</objectIdentifierValue>
        </objectIdentifier>
        <objectCharacteristics>
            <compositionLevel>0</compositionLevel>
            <format>
                <formatDesignation>
                    <formatName>application/octet-stream</formatName>
                </formatDesignation>
            </format>
        </objectCharacteristics>
    </object>
    <object xsi:type="representation">
        <objectIdentifier>
            <objectIdentifierType>FDsys AIP</objectIdentifierType>
            <objectIdentifierValue>R0b002ee1d1ffa9b3</objectIdentifierValue>
        </objectIdentifier>
    </object>
    <object xsi:type="file">
        <objectIdentifier>
            <objectIdentifierType>FDsys AIP</objectIdentifierType>
            <objectIdentifierValue>D09002ee1d1ffa9bc</objectIdentifierValue>
        </objectIdentifier>
        <objectCharacteristics>
            <compositionLevel>0</compositionLevel>
            <format>
                <formatDesignation>
                    <formatName>text/plain</formatName>
                </formatDesignation>
            </format>
        </objectCharacteristics>
    </object>
    <event>
        <eventIdentifier>
            <eventIdentifierType>FDsys:event</eventIdentifierType>
            <eventIdentifierValue>f5251b4a-90a9-4d18-a993-1ebc0345c4db</eventIdentifierValue>
        </eventIdentifier>
        <eventType>Message Digest Calculation</eventType>
        <eventDateTime>2025-04-23T07:04:20-04:00</eventDateTime>
        <eventDetail>Checksum calculated against object D09002ee1d1ff7f68</eventDetail>
        <eventOutcomeInformation>
            <eventOutcome>Success</eventOutcome>
        </eventOutcomeInformation>
        <linkingAgentIdentifier>
            <linkingAgentIdentifierType>FDsys:agent</linkingAgentIdentifierType>
            <linkingAgentIdentifierValue>Documentum Server 24.2.0000.0163  Linux64.Oracle</linkingAgentIdentifierValue>
            <linkingAgentRole>executing program</linkingAgentRole>
        </linkingAgentIdentifier>
        <linkingObjectIdentifier>
            <linkingObjectIdentifierType>FDsys</linkingObjectIdentifierType>
            <linkingObjectIdentifierValue>D09002ee1d1ff7f68</linkingObjectIdentifierValue>
            <linkingObjectRole>outcome</linkingObjectRole>
        </linkingObjectIdentifier>
    </event>
    <event>
        <eventIdentifier>
            <eventIdentifierType>FDsys:event</eventIdentifierType>
            <eventIdentifierValue>ede60cb6-11a7-4232-ab91-429b5be36e30</eventIdentifierValue>
        </eventIdentifier>
        <eventType>Virus Check</eventType>
        <eventDateTime>2025-04-23T07:04:20-04:00</eventDateTime>
        <eventDetail>Object D09002ee1d1ff7f68 inspected for viruses</eventDetail>
        <eventOutcomeInformation>
            <eventOutcome>Success</eventOutcome>
        </eventOutcomeInformation>
        <linkingAgentIdentifier>
            <linkingAgentIdentifierType>FDsys:agent</linkingAgentIdentifierType>
            <linkingAgentIdentifierValue>ScanEngine_v9.2</linkingAgentIdentifierValue>
            <linkingAgentRole>executing program</linkingAgentRole>
        </linkingAgentIdentifier>
        <linkingObjectIdentifier>
            <linkingObjectIdentifierType>FDsys</linkingObjectIdentifierType>
            <linkingObjectIdentifierValue>D09002ee1d1ff7f68</linkingObjectIdentifierValue>
            <linkingObjectRole>outcome</linkingObjectRole>
        </linkingObjectIdentifier>
    </event>
    <event>
        <eventIdentifier>
            <eventIdentifierType>FDsys:event</eventIdentifierType>
            <eventIdentifierValue>1a2d6deb-48cd-4cb6-8de6-69ce927c1724</eventIdentifierValue>
        </eventIdentifier>
        <eventType>File Format Identification</eventType>
        <eventDateTime>2025-04-23T07:04:20-04:00</eventDateTime>
        <eventDetail>File format identified for object D09002ee1d1ff7f69</eventDetail>
        <eventOutcomeInformation>
            <eventOutcome>Success</eventOutcome>
        </eventOutcomeInformation>
        <linkingAgentIdentifier>
            <linkingAgentIdentifierType>FDsys:agent</linkingAgentIdentifierType>
            <linkingAgentIdentifierValue>Droid_v119</linkingAgentIdentifierValue>
            <linkingAgentRole>executing program</linkingAgentRole>
        </linkingAgentIdentifier>
        <linkingObjectIdentifier>
            <linkingObjectIdentifierType>FDsys</linkingObjectIdentifierType>
            <linkingObjectIdentifierValue>D09002ee1d1ff7f69</linkingObjectIdentifierValue>
            <linkingObjectRole>outcome</linkingObjectRole>
        </linkingObjectIdentifier>
    </event>
    <event>
        <eventIdentifier>
            <eventIdentifierType>FDsys:event</eventIdentifierType>
            <eventIdentifierValue>d188029a-eac9-448a-8977-9fda650156fa</eventIdentifierValue>
        </eventIdentifier>
        <eventType>Message Digest Calculation</eventType>
        <eventDateTime>2025-04-23T07:04:20-04:00</eventDateTime>
        <eventDetail>Checksum calculated against object D09002ee1d1ff7f69</eventDetail>
        <eventOutcomeInformation>
            <eventOutcome>Success</eventOutcome>
        </eventOutcomeInformation>
        <linkingAgentIdentifier>
            <linkingAgentIdentifierType>FDsys:agent</linkingAgentIdentifierType>
            <linkingAgentIdentifierValue>Documentum Server 24.2.0000.0163  Linux64.Oracle</linkingAgentIdentifierValue>
            <linkingAgentRole>executing program</linkingAgentRole>
        </linkingAgentIdentifier>
        <linkingObjectIdentifier>
            <linkingObjectIdentifierType>FDsys</linkingObjectIdentifierType>
            <linkingObjectIdentifierValue>D09002ee1d1ff7f69</linkingObjectIdentifierValue>
            <linkingObjectRole>outcome</linkingObjectRole>
        </linkingObjectIdentifier>
    </event>
    <event>
        <eventIdentifier>
            <eventIdentifierType>FDsys:event</eventIdentifierType>
            <eventIdentifierValue>1efb2863-95c3-4243-ba72-b67356011e47</eventIdentifierValue>
        </eventIdentifier>
        <eventType>Virus Check</eventType>
        <eventDateTime>2025-04-23T07:04:20-04:00</eventDateTime>
        <eventDetail>Object D09002ee1d1ff7f69 inspected for viruses</eventDetail>
        <eventOutcomeInformation>
            <eventOutcome>Success</eventOutcome>
        </eventOutcomeInformation>
        <linkingAgentIdentifier>
            <linkingAgentIdentifierType>FDsys:agent</linkingAgentIdentifierType>
            <linkingAgentIdentifierValue>ScanEngine_v9.2</linkingAgentIdentifierValue>
            <linkingAgentRole>executing program</linkingAgentRole>
        </linkingAgentIdentifier>
        <linkingObjectIdentifier>
            <linkingObjectIdentifierType>FDsys</linkingObjectIdentifierType>
            <linkingObjectIdentifierValue>D09002ee1d1ff7f69</linkingObjectIdentifierValue>
            <linkingObjectRole>outcome</linkingObjectRole>
        </linkingObjectIdentifier>
    </event>
    <event>
        <eventIdentifier>
            <eventIdentifierType>FDsys:event</eventIdentifierType>
            <eventIdentifierValue>e3f54b2b-1a69-4ef0-b03c-bedd97fbe00a</eventIdentifierValue>
        </eventIdentifier>
        <eventType>File Format Identification</eventType>
        <eventDateTime>2025-04-23T07:04:20-04:00</eventDateTime>
        <eventDetail>File format identified for object D09002ee1d1ff7f6a</eventDetail>
        <eventOutcomeInformation>
            <eventOutcome>Success</eventOutcome>
        </eventOutcomeInformation>
        <linkingAgentIdentifier>
            <linkingAgentIdentifierType>FDsys:agent</linkingAgentIdentifierType>
            <linkingAgentIdentifierValue>Droid_v119</linkingAgentIdentifierValue>
            <linkingAgentRole>executing program</linkingAgentRole>
        </linkingAgentIdentifier>
        <linkingObjectIdentifier>
            <linkingObjectIdentifierType>FDsys</linkingObjectIdentifierType>
            <linkingObjectIdentifierValue>D09002ee1d1ff7f6a</linkingObjectIdentifierValue>
            <linkingObjectRole>outcome</linkingObjectRole>
        </linkingObjectIdentifier>
    </event>
    <event>
        <eventIdentifier>
            <eventIdentifierType>FDsys:event</eventIdentifierType>
            <eventIdentifierValue>215c0aee-25eb-4be8-9974-66fc6fd1b27b</eventIdentifierValue>
        </eventIdentifier>
        <eventType>Message Digest Calculation</eventType>
        <eventDateTime>2025-04-23T07:04:20-04:00</eventDateTime>
        <eventDetail>Checksum calculated against object D09002ee1d1ff7f6a</eventDetail>
        <eventOutcomeInformation>
            <eventOutcome>Success</eventOutcome>
        </eventOutcomeInformation>
        <linkingAgentIdentifier>
            <linkingAgentIdentifierType>FDsys:agent</linkingAgentIdentifierType>
            <linkingAgentIdentifierValue>Documentum Server 24.2.0000.0163  Linux64.Oracle</linkingAgentIdentifierValue>
            <linkingAgentRole>executing program</linkingAgentRole>
        </linkingAgentIdentifier>
        <linkingObjectIdentifier>
            <linkingObjectIdentifierType>FDsys</linkingObjectIdentifierType>
            <linkingObjectIdentifierValue>D09002ee1d1ff7f6a</linkingObjectIdentifierValue>
            <linkingObjectRole>outcome</linkingObjectRole>
        </linkingObjectIdentifier>
    </event>
    <event>
        <eventIdentifier>
            <eventIdentifierType>FDsys:event</eventIdentifierType>
            <eventIdentifierValue>bc0f3eb9-b29a-4748-a533-4b675c346d07</eventIdentifierValue>
        </eventIdentifier>
        <eventType>Virus Check</eventType>
        <eventDateTime>2025-04-23T07:04:20-04:00</eventDateTime>
        <eventDetail>Object D09002ee1d1ff7f6a inspected for viruses</eventDetail>
        <eventOutcomeInformation>
            <eventOutcome>Success</eventOutcome>
        </eventOutcomeInformation>
        <linkingAgentIdentifier>
            <linkingAgentIdentifierType>FDsys:agent</linkingAgentIdentifierType>
            <linkingAgentIdentifierValue>ScanEngine_v9.2</linkingAgentIdentifierValue>
            <linkingAgentRole>executing program</linkingAgentRole>
        </linkingAgentIdentifier>
        <linkingObjectIdentifier>
            <linkingObjectIdentifierType>FDsys</linkingObjectIdentifierType>
            <linkingObjectIdentifierValue>D09002ee1d1ff7f6a</linkingObjectIdentifierValue>
            <linkingObjectRole>outcome</linkingObjectRole>
        </linkingObjectIdentifier>
    </event>
    <event>
        <eventIdentifier>
            <eventIdentifierType>FDsys:event</eventIdentifierType>
            <eventIdentifierValue>24322dbd-d3f0-40ab-b113-9a88127c48a3</eventIdentifierValue>
        </eventIdentifier>
        <eventType>Rendition Submitted</eventType>
        <eventDateTime>2025-04-23T07:04:20-04:00</eventDateTime>
        <eventDetail>Rendition R0b002ee1d1ff7f87, uploaded by hotfolderadmin, was submitted in the Submission Information package P0b002ee1d1ff7f84</eventDetail>
        <eventOutcomeInformation>
            <eventOutcome>Success</eventOutcome>
        </eventOutcomeInformation>
        <linkingAgentIdentifier>
            <linkingAgentIdentifierType>FDsys:agent</linkingAgentIdentifierType>
            <linkingAgentIdentifierValue>hotfolderadmin</linkingAgentIdentifierValue>
            <linkingAgentRole>implementer</linkingAgentRole>
        </linkingAgentIdentifier>
        <linkingObjectIdentifier>
            <linkingObjectIdentifierType>FDsys</linkingObjectIdentifierType>
            <linkingObjectIdentifierValue>R0b002ee1d1ff7f87</linkingObjectIdentifierValue>
            <linkingObjectRole>outcome</linkingObjectRole>
        </linkingObjectIdentifier>
    </event>
    <event>
        <eventIdentifier>
            <eventIdentifierType>FDsys:event</eventIdentifierType>
            <eventIdentifierValue>8eb38c2a-8c82-4920-8b72-67f03e775d64</eventIdentifierValue>
        </eventIdentifier>
        <eventType>Rendition Submitted</eventType>
        <eventDateTime>2025-04-23T07:04:20-04:00</eventDateTime>
        <eventDetail>Rendition R0b002ee1d1ff7f86, uploaded by hotfolderadmin, was submitted in the Submission Information package P0b002ee1d1ff7f84</eventDetail>
        <eventOutcomeInformation>
            <eventOutcome>Success</eventOutcome>
        </eventOutcomeInformation>
        <linkingAgentIdentifier>
            <linkingAgentIdentifierType>FDsys:agent</linkingAgentIdentifierType>
            <linkingAgentIdentifierValue>hotfolderadmin</linkingAgentIdentifierValue>
            <linkingAgentRole>implementer</linkingAgentRole>
        </linkingAgentIdentifier>
        <linkingObjectIdentifier>
            <linkingObjectIdentifierType>FDsys</linkingObjectIdentifierType>
            <linkingObjectIdentifierValue>R0b002ee1d1ff7f86</linkingObjectIdentifierValue>
            <linkingObjectRole>outcome</linkingObjectRole>
        </linkingObjectIdentifier>
    </event>
    <event>
        <eventIdentifier>
            <eventIdentifierType>FDsys:event</eventIdentifierType>
            <eventIdentifierValue>e874c9ab-f016-4b68-8bdf-5bd5d38caa8d</eventIdentifierValue>
        </eventIdentifier>
        <eventType>Rendition Submitted</eventType>
        <eventDateTime>2025-04-23T07:04:20-04:00</eventDateTime>
        <eventDetail>Rendition R0b002ee1d1ff7f85, uploaded by hotfolderadmin, was submitted in the Submission Information package P0b002ee1d1ff7f84</eventDetail>
        <eventOutcomeInformation>
            <eventOutcome>Success</eventOutcome>
        </eventOutcomeInformation>
        <linkingAgentIdentifier>
            <linkingAgentIdentifierType>FDsys:agent</linkingAgentIdentifierType>
            <linkingAgentIdentifierValue>hotfolderadmin</linkingAgentIdentifierValue>
            <linkingAgentRole>implementer</linkingAgentRole>
        </linkingAgentIdentifier>
        <linkingObjectIdentifier>
            <linkingObjectIdentifierType>FDsys</linkingObjectIdentifierType>
            <linkingObjectIdentifierValue>R0b002ee1d1ff7f85</linkingObjectIdentifierValue>
            <linkingObjectRole>outcome</linkingObjectRole>
        </linkingObjectIdentifier>
    </event>
    <event>
        <eventIdentifier>
            <eventIdentifierType>FDsys:event</eventIdentifierType>
            <eventIdentifierValue>8e807cb4-c7bb-403d-92b2-aff0acf9ecbe</eventIdentifierValue>
        </eventIdentifier>
        <eventType>File Format Identification</eventType>
        <eventDateTime>2025-04-23T07:04:20-04:00</eventDateTime>
        <eventDetail>File format identified for object D09002ee1d1ff7f68</eventDetail>
        <eventOutcomeInformation>
            <eventOutcome>Success</eventOutcome>
        </eventOutcomeInformation>
        <linkingAgentIdentifier>
            <linkingAgentIdentifierType>FDsys:agent</linkingAgentIdentifierType>
            <linkingAgentIdentifierValue>Droid_v119</linkingAgentIdentifierValue>
            <linkingAgentRole>executing program</linkingAgentRole>
        </linkingAgentIdentifier>
        <linkingObjectIdentifier>
            <linkingObjectIdentifierType>FDsys</linkingObjectIdentifierType>
            <linkingObjectIdentifierValue>D09002ee1d1ff7f68</linkingObjectIdentifierValue>
            <linkingObjectRole>outcome</linkingObjectRole>
        </linkingObjectIdentifier>
    </event>
    <event>
        <eventIdentifier>
            <eventIdentifierType>FDsys:event</eventIdentifierType>
            <eventIdentifierValue>6db34bea-7879-4730-b217-7c213cfb7f48</eventIdentifierValue>
        </eventIdentifier>
        <eventType>Submission</eventType>
        <eventDateTime>2025-04-23T07:12:09-04:00</eventDateTime>
        <eventDetail>11002ee180000950 submitted Submission Information Package P0b002ee1d1ff7f84 to the system for ingestion</eventDetail>
        <eventOutcomeInformation>
            <eventOutcome>Success</eventOutcome>
        </eventOutcomeInformation>
        <linkingAgentIdentifier>
            <linkingAgentIdentifierType>FDsys:agent</linkingAgentIdentifierType>
            <linkingAgentIdentifierValue>11002ee180000950</linkingAgentIdentifierValue>
            <linkingAgentRole>implementer</linkingAgentRole>
        </linkingAgentIdentifier>
        <linkingObjectIdentifier>
            <linkingObjectIdentifierType>FDsys</linkingObjectIdentifierType>
            <linkingObjectIdentifierValue>P0b002ee1d1ff7f84</linkingObjectIdentifierValue>
            <linkingObjectRole>outcome</linkingObjectRole>
        </linkingObjectIdentifier>
    </event>
    <event>
        <eventIdentifier>
            <eventIdentifierType>FDsys:event</eventIdentifierType>
            <eventIdentifierValue>f89b702e-c468-412d-b47f-279b6d65d3b3</eventIdentifierValue>
        </eventIdentifier>
        <eventType>Crypto Time Stamp Calculation</eventType>
        <eventDateTime>2025-04-23T07:12:12-04:00</eventDateTime>
        <eventDetail>Cryptographic timestamp created for object D09002ee1d1ffa9ba</eventDetail>
        <eventOutcomeInformation>
            <eventOutcome>Success</eventOutcome>
        </eventOutcomeInformation>
        <linkingAgentIdentifier>
            <linkingAgentIdentifierType>FDsys:agent</linkingAgentIdentifierType>
            <linkingAgentIdentifierValue>Crypto_v1.0</linkingAgentIdentifierValue>
            <linkingAgentRole>executing program</linkingAgentRole>
        </linkingAgentIdentifier>
        <linkingObjectIdentifier>
            <linkingObjectIdentifierType>FDsys</linkingObjectIdentifierType>
            <linkingObjectIdentifierValue>D09002ee1d1ffa9ba</linkingObjectIdentifierValue>
            <linkingObjectRole>outcome</linkingObjectRole>
        </linkingObjectIdentifier>
    </event>
    <event>
        <eventIdentifier>
            <eventIdentifierType>FDsys:event</eventIdentifierType>
            <eventIdentifierValue>4f49c4d5-4578-4ae6-9fad-e54832a02152</eventIdentifierValue>
        </eventIdentifier>
        <eventType>Message Digest Calculation</eventType>
        <eventDateTime>2025-04-23T07:12:12-04:00</eventDateTime>
        <eventDetail>Checksum calculated against object D09002ee1d1ffa9ba</eventDetail>
        <eventOutcomeInformation>
            <eventOutcome>Success</eventOutcome>
        </eventOutcomeInformation>
        <linkingAgentIdentifier>
            <linkingAgentIdentifierType>FDsys:agent</linkingAgentIdentifierType>
            <linkingAgentIdentifierValue>Documentum Server 24.2.0000.0163  Linux64.Oracle</linkingAgentIdentifierValue>
            <linkingAgentRole>executing program</linkingAgentRole>
        </linkingAgentIdentifier>
        <linkingObjectIdentifier>
            <linkingObjectIdentifierType>FDsys</linkingObjectIdentifierType>
            <linkingObjectIdentifierValue>D09002ee1d1ffa9ba</linkingObjectIdentifierValue>
            <linkingObjectRole>outcome</linkingObjectRole>
        </linkingObjectIdentifier>
    </event>
    <event>
        <eventIdentifier>
            <eventIdentifierType>FDsys:event</eventIdentifierType>
            <eventIdentifierValue>9d9cb72a-8672-4b7b-9677-89f3100bc13b</eventIdentifierValue>
        </eventIdentifier>
        <eventType>Crypto Time Stamp Calculation</eventType>
        <eventDateTime>2025-04-23T07:12:12-04:00</eventDateTime>
        <eventDetail>Cryptographic timestamp created for object D09002ee1d1ffa9b8</eventDetail>
        <eventOutcomeInformation>
            <eventOutcome>Success</eventOutcome>
        </eventOutcomeInformation>
        <linkingAgentIdentifier>
            <linkingAgentIdentifierType>FDsys:agent</linkingAgentIdentifierType>
            <linkingAgentIdentifierValue>Crypto_v1.0</linkingAgentIdentifierValue>
            <linkingAgentRole>executing program</linkingAgentRole>
        </linkingAgentIdentifier>
        <linkingObjectIdentifier>
            <linkingObjectIdentifierType>FDsys</linkingObjectIdentifierType>
            <linkingObjectIdentifierValue>D09002ee1d1ffa9b8</linkingObjectIdentifierValue>
            <linkingObjectRole>outcome</linkingObjectRole>
        </linkingObjectIdentifier>
    </event>
    <event>
        <eventIdentifier>
            <eventIdentifierType>FDsys:event</eventIdentifierType>
            <eventIdentifierValue>a3011977-7093-49dd-bf18-746a060bc2c4</eventIdentifierValue>
        </eventIdentifier>
        <eventType>File Format Identification</eventType>
        <eventDateTime>2025-04-23T07:12:12-04:00</eventDateTime>
        <eventDetail>File format identified for object D09002ee1d1ffa9ba</eventDetail>
        <eventOutcomeInformation>
            <eventOutcome>Success</eventOutcome>
        </eventOutcomeInformation>
        <linkingAgentIdentifier>
            <linkingAgentIdentifierType>FDsys:agent</linkingAgentIdentifierType>
            <linkingAgentIdentifierValue>Droid_v119</linkingAgentIdentifierValue>
            <linkingAgentRole>executing program</linkingAgentRole>
        </linkingAgentIdentifier>
        <linkingObjectIdentifier>
            <linkingObjectIdentifierType>FDsys</linkingObjectIdentifierType>
            <linkingObjectIdentifierValue>D09002ee1d1ffa9ba</linkingObjectIdentifierValue>
            <linkingObjectRole>outcome</linkingObjectRole>
        </linkingObjectIdentifier>
    </event>
    <event>
        <eventIdentifier>
            <eventIdentifierType>FDsys:event</eventIdentifierType>
            <eventIdentifierValue>43522428-ed94-44dc-8d87-0b3a6265224c</eventIdentifierValue>
        </eventIdentifier>
        <eventType>Message Digest Calculation</eventType>
        <eventDateTime>2025-04-23T07:12:12-04:00</eventDateTime>
        <eventDetail>Checksum calculated against object D09002ee1d1ffa9b8</eventDetail>
        <eventOutcomeInformation>
            <eventOutcome>Success</eventOutcome>
        </eventOutcomeInformation>
        <linkingAgentIdentifier>
            <linkingAgentIdentifierType>FDsys:agent</linkingAgentIdentifierType>
            <linkingAgentIdentifierValue>Documentum Server 24.2.0000.0163  Linux64.Oracle</linkingAgentIdentifierValue>
            <linkingAgentRole>executing program</linkingAgentRole>
        </linkingAgentIdentifier>
        <linkingObjectIdentifier>
            <linkingObjectIdentifierType>FDsys</linkingObjectIdentifierType>
            <linkingObjectIdentifierValue>D09002ee1d1ffa9b8</linkingObjectIdentifierValue>
            <linkingObjectRole>outcome</linkingObjectRole>
        </linkingObjectIdentifier>
    </event>
    <event>
        <eventIdentifier>
            <eventIdentifierType>FDsys:event</eventIdentifierType>
            <eventIdentifierValue>34f78a06-b737-4b4b-9ed3-b72391b1ab35</eventIdentifierValue>
        </eventIdentifier>
        <eventType>veraPDF-PDF-Features</eventType>
        <eventDateTime>2025-04-23T07:12:12-04:00</eventDateTime>
        <eventDetail>PDF Features profile performed against object D09002ee1d1ffa9ba</eventDetail>
        <eventOutcomeInformation>
            <eventOutcome>Success</eventOutcome>
            <eventOutcomeDetail><eventOutcomeDetailExtension><featuresReport><embeddedFiles><embeddedFile id="file1"><fileName>DTP.joboptions</fileName><filter>FlateDecode</filter><checkSum>60ad7b36bcc0c2c5bb6e03f7dc25f77eddf5e922762157436648e298393cf56b</checkSum><size>48712</size><mime>application/octet-stream</mime><formatName>Adobe PDF preset file generated using InDesign, Illustrator, or Photoshop</formatName></embeddedFile></embeddedFiles></featuresReport></eventOutcomeDetailExtension></eventOutcomeDetail>
        </eventOutcomeInformation>
        <linkingAgentIdentifier>
            <linkingAgentIdentifierType>FDsys:agent</linkingAgentIdentifierType>
            <linkingAgentIdentifierValue>VeraPDF v.1.24.1</linkingAgentIdentifierValue>
            <linkingAgentRole>executing program</linkingAgentRole>
        </linkingAgentIdentifier>
        <linkingObjectIdentifier>
            <linkingObjectIdentifierType>FDsys</linkingObjectIdentifierType>
            <linkingObjectIdentifierValue>D09002ee1d1ffa9ba</linkingObjectIdentifierValue>
            <linkingObjectRole>outcome</linkingObjectRole>
        </linkingObjectIdentifier>
    </event>
    <event>
        <eventIdentifier>
            <eventIdentifierType>FDsys:event</eventIdentifierType>
            <eventIdentifierValue>3dc0d339-2395-44b3-a833-a0b6aadc0881</eventIdentifierValue>
        </eventIdentifier>
        <eventType>veraPDF-PDF-Features</eventType>
        <eventDateTime>2025-04-23T07:12:12-04:00</eventDateTime>
        <eventDetail>PDF Features profile performed against object D09002ee1d1ff7f69</eventDetail>
        <eventOutcomeInformation>
            <eventOutcome>Success</eventOutcome>
            <eventOutcomeDetail><eventOutcomeDetailExtension><featuresReport><embeddedFiles><embeddedFile id="file1"><fileName>DTP.joboptions</fileName><filter>FlateDecode</filter><checkSum>60ad7b36bcc0c2c5bb6e03f7dc25f77eddf5e922762157436648e298393cf56b</checkSum><size>48712</size><mime>application/octet-stream</mime><formatName>Adobe PDF preset file generated using InDesign, Illustrator, or Photoshop</formatName></embeddedFile></embeddedFiles></featuresReport></eventOutcomeDetailExtension></eventOutcomeDetail>
        </eventOutcomeInformation>
        <linkingAgentIdentifier>
            <linkingAgentIdentifierType>FDsys:agent</linkingAgentIdentifierType>
            <linkingAgentIdentifierValue>VeraPDF v.1.24.1</linkingAgentIdentifierValue>
            <linkingAgentRole>executing program</linkingAgentRole>
        </linkingAgentIdentifier>
        <linkingObjectIdentifier>
            <linkingObjectIdentifierType>FDsys</linkingObjectIdentifierType>
            <linkingObjectIdentifierValue>D09002ee1d1ff7f69</linkingObjectIdentifierValue>
            <linkingObjectRole>outcome</linkingObjectRole>
        </linkingObjectIdentifier>
    </event>
    <event>
        <eventIdentifier>
            <eventIdentifierType>FDsys:event</eventIdentifierType>
            <eventIdentifierValue>60c14aaa-5efd-48d5-9cd6-c2f1e86a662c</eventIdentifierValue>
        </eventIdentifier>
        <eventType>File Format Identification</eventType>
        <eventDateTime>2025-04-23T07:12:12-04:00</eventDateTime>
        <eventDetail>File format identified for object D09002ee1d1ffa9b8</eventDetail>
        <eventOutcomeInformation>
            <eventOutcome>Success</eventOutcome>
        </eventOutcomeInformation>
        <linkingAgentIdentifier>
            <linkingAgentIdentifierType>FDsys:agent</linkingAgentIdentifierType>
            <linkingAgentIdentifierValue>Droid_v119</linkingAgentIdentifierValue>
            <linkingAgentRole>executing program</linkingAgentRole>
        </linkingAgentIdentifier>
        <linkingObjectIdentifier>
            <linkingObjectIdentifierType>FDsys</linkingObjectIdentifierType>
            <linkingObjectIdentifierValue>D09002ee1d1ffa9b8</linkingObjectIdentifierValue>
            <linkingObjectRole>outcome</linkingObjectRole>
        </linkingObjectIdentifier>
    </event>
    <event>
        <eventIdentifier>
            <eventIdentifierType>FDsys:event</eventIdentifierType>
            <eventIdentifierValue>1c6d2168-139a-4ab9-962f-e0f6219d12b0</eventIdentifierValue>
        </eventIdentifier>
        <eventType>Message Digest Calculation</eventType>
        <eventDateTime>2025-04-23T07:12:13-04:00</eventDateTime>
        <eventDetail>Checksum calculated against object D09002ee1d1ffa9bc</eventDetail>
        <eventOutcomeInformation>
            <eventOutcome>Success</eventOutcome>
        </eventOutcomeInformation>
        <linkingAgentIdentifier>
            <linkingAgentIdentifierType>FDsys:agent</linkingAgentIdentifierType>
            <linkingAgentIdentifierValue>Documentum Server 24.2.0000.0163  Linux64.Oracle</linkingAgentIdentifierValue>
            <linkingAgentRole>executing program</linkingAgentRole>
        </linkingAgentIdentifier>
        <linkingObjectIdentifier>
            <linkingObjectIdentifierType>FDsys</linkingObjectIdentifierType>
            <linkingObjectIdentifierValue>D09002ee1d1ffa9bc</linkingObjectIdentifierValue>
            <linkingObjectRole>outcome</linkingObjectRole>
        </linkingObjectIdentifier>
    </event>
    <event>
        <eventIdentifier>
            <eventIdentifierType>FDsys:event</eventIdentifierType>
            <eventIdentifierValue>bae61084-cec9-46f7-b5dc-1413c84992cc</eventIdentifierValue>
        </eventIdentifier>
        <eventType>File Format Identification</eventType>
        <eventDateTime>2025-04-23T07:12:13-04:00</eventDateTime>
        <eventDetail>File format identified for object D09002ee1d1ffa9bc</eventDetail>
        <eventOutcomeInformation>
            <eventOutcome>Success</eventOutcome>
        </eventOutcomeInformation>
        <linkingAgentIdentifier>
            <linkingAgentIdentifierType>FDsys:agent</linkingAgentIdentifierType>
            <linkingAgentIdentifierValue>Droid_v119</linkingAgentIdentifierValue>
            <linkingAgentRole>executing program</linkingAgentRole>
        </linkingAgentIdentifier>
        <linkingObjectIdentifier>
            <linkingObjectIdentifierType>FDsys</linkingObjectIdentifierType>
            <linkingObjectIdentifierValue>D09002ee1d1ffa9bc</linkingObjectIdentifierValue>
            <linkingObjectRole>outcome</linkingObjectRole>
        </linkingObjectIdentifier>
    </event>
    <event>
        <eventIdentifier>
            <eventIdentifierType>FDsys:event</eventIdentifierType>
            <eventIdentifierValue>e8e83e7e-826f-43a8-b90a-868f770b874d</eventIdentifierValue>
        </eventIdentifier>
        <eventType>Crypto Time Stamp Calculation</eventType>
        <eventDateTime>2025-04-23T07:12:13-04:00</eventDateTime>
        <eventDetail>Cryptographic timestamp created for object D09002ee1d1ffa9bc</eventDetail>
        <eventOutcomeInformation>
            <eventOutcome>Success</eventOutcome>
        </eventOutcomeInformation>
        <linkingAgentIdentifier>
            <linkingAgentIdentifierType>FDsys:agent</linkingAgentIdentifierType>
            <linkingAgentIdentifierValue>Crypto_v1.0</linkingAgentIdentifierValue>
            <linkingAgentRole>executing program</linkingAgentRole>
        </linkingAgentIdentifier>
        <linkingObjectIdentifier>
            <linkingObjectIdentifierType>FDsys</linkingObjectIdentifierType>
            <linkingObjectIdentifierValue>D09002ee1d1ffa9bc</linkingObjectIdentifierValue>
            <linkingObjectRole>outcome</linkingObjectRole>
        </linkingObjectIdentifier>
    </event>
    <event>
        <eventIdentifier>
            <eventIdentifierType>FDsys:event</eventIdentifierType>
            <eventIdentifierValue>bc2fd8a4-4b0f-4180-9448-d4c2bbbdfbee</eventIdentifierValue>
        </eventIdentifier>
        <eventType>Ingestion</eventType>
        <eventDateTime>2025-04-23T07:12:13-04:00</eventDateTime>
        <eventDetail>Archival Information Package V0b002ee1d1ffa9ac created from Submission Information Package P0b002ee1d1ff7f84 and stored in Archival storage</eventDetail>
        <eventOutcomeInformation>
            <eventOutcome>Success</eventOutcome>
        </eventOutcomeInformation>
        <linkingAgentIdentifier>
            <linkingAgentIdentifierType>FDsys:agent</linkingAgentIdentifierType>
            <linkingAgentIdentifierValue>CreateAIPFiles_v1.0</linkingAgentIdentifierValue>
            <linkingAgentRole>executing program</linkingAgentRole>
        </linkingAgentIdentifier>
        <linkingObjectIdentifier>
            <linkingObjectIdentifierType>FDsys</linkingObjectIdentifierType>
            <linkingObjectIdentifierValue>V0b002ee1d1ffa9ac</linkingObjectIdentifierValue>
            <linkingObjectRole>outcome</linkingObjectRole>
        </linkingObjectIdentifier>
        <linkingObjectIdentifier>
            <linkingObjectIdentifierType>FDsys</linkingObjectIdentifierType>
            <linkingObjectIdentifierValue>P0b002ee1d1ff7f84</linkingObjectIdentifierValue>
            <linkingObjectRole>source</linkingObjectRole>
        </linkingObjectIdentifier>
    </event>
    <event>
        <eventIdentifier>
            <eventIdentifierType>FDsys:event</eventIdentifierType>
            <eventIdentifierValue>da80d812-28bf-4e2c-8c0a-82ec17e5a955</eventIdentifierValue>
        </eventIdentifier>
        <eventType>ACP Creation</eventType>
        <eventDateTime>2025-04-23T07:12:20-04:00</eventDateTime>
        <eventDetail>Access Content Package created from Submission Information Package P0b002ee1d1ff7f84</eventDetail>
        <eventOutcomeInformation>
            <eventOutcome>Success</eventOutcome>
        </eventOutcomeInformation>
        <linkingAgentIdentifier>
            <linkingAgentIdentifierType>FDsys:agent</linkingAgentIdentifierType>
            <linkingAgentIdentifierValue>CreateACP_v1.0</linkingAgentIdentifierValue>
            <linkingAgentRole>executing program</linkingAgentRole>
        </linkingAgentIdentifier>
        <linkingObjectIdentifier>
            <linkingObjectIdentifierType>FDsys</linkingObjectIdentifierType>
            <linkingObjectIdentifierValue>P0b002ee1d1ff7f84</linkingObjectIdentifierValue>
            <linkingObjectRole>outcome</linkingObjectRole>
        </linkingObjectIdentifier>
    </event>
    <event>
        <eventIdentifier>
            <eventIdentifierType>FDsys:event</eventIdentifierType>
            <eventIdentifierValue>6d917da3-afaa-4307-a049-79009ebc94f7</eventIdentifierValue>
        </eventIdentifier>
        <eventType>File Format Identification</eventType>
        <eventDateTime>2025-04-23T07:12:27-04:00</eventDateTime>
        <eventDetail>File format identified for object D09002ee1d1ff7701</eventDetail>
        <eventOutcomeInformation>
            <eventOutcome>Success</eventOutcome>
        </eventOutcomeInformation>
        <linkingAgentIdentifier>
            <linkingAgentIdentifierType>FDsys:agent</linkingAgentIdentifierType>
            <linkingAgentIdentifierValue>Droid_v119</linkingAgentIdentifierValue>
            <linkingAgentRole>executing program</linkingAgentRole>
        </linkingAgentIdentifier>
        <linkingObjectIdentifier>
            <linkingObjectIdentifierType>FDsys</linkingObjectIdentifierType>
            <linkingObjectIdentifierValue>D09002ee1d1ff7701</linkingObjectIdentifierValue>
            <linkingObjectRole>outcome</linkingObjectRole>
        </linkingObjectIdentifier>
    </event>
    <event>
        <eventIdentifier>
            <eventIdentifierType>FDsys:event</eventIdentifierType>
            <eventIdentifierValue>6b92de51-8fb0-49da-b20c-90d4259c16f6</eventIdentifierValue>
        </eventIdentifier>
        <eventType>Message Digest Calculation</eventType>
        <eventDateTime>2025-04-23T07:12:27-04:00</eventDateTime>
        <eventDetail>Checksum calculated against object D09002ee1d1ff7702</eventDetail>
        <eventOutcomeInformation>
            <eventOutcome>Success</eventOutcome>
        </eventOutcomeInformation>
        <linkingAgentIdentifier>
            <linkingAgentIdentifierType>FDsys:agent</linkingAgentIdentifierType>
            <linkingAgentIdentifierValue>Documentum Server 24.2.0000.0163  Linux64.Oracle</linkingAgentIdentifierValue>
            <linkingAgentRole>executing program</linkingAgentRole>
        </linkingAgentIdentifier>
        <linkingObjectIdentifier>
            <linkingObjectIdentifierType>FDsys</linkingObjectIdentifierType>
            <linkingObjectIdentifierValue>D09002ee1d1ff7702</linkingObjectIdentifierValue>
            <linkingObjectRole>outcome</linkingObjectRole>
        </linkingObjectIdentifier>
    </event>
    <event>
        <eventIdentifier>
            <eventIdentifierType>FDsys:event</eventIdentifierType>
            <eventIdentifierValue>55d1ef01-2574-431b-b391-2ac1d4cf5096</eventIdentifierValue>
        </eventIdentifier>
        <eventType>Digital Signature Assignment</eventType>
        <eventDateTime>2025-04-23T07:12:27-04:00</eventDateTime>
        <eventDetail>PDF File D09002ee1d1ff7702 digitally signed</eventDetail>
        <eventOutcomeInformation>
            <eventOutcome>Success</eventOutcome>
        </eventOutcomeInformation>
        <linkingAgentIdentifier>
            <linkingAgentIdentifierType>FDsys:agent</linkingAgentIdentifierType>
            <linkingAgentIdentifierValue>LiveCycle_v11.0.0</linkingAgentIdentifierValue>
            <linkingAgentRole>executing program</linkingAgentRole>
        </linkingAgentIdentifier>
        <linkingObjectIdentifier>
            <linkingObjectIdentifierType>FDsys</linkingObjectIdentifierType>
            <linkingObjectIdentifierValue>D09002ee1d1ff7702</linkingObjectIdentifierValue>
            <linkingObjectRole>outcome</linkingObjectRole>
        </linkingObjectIdentifier>
    </event>
    <event>
        <eventIdentifier>
            <eventIdentifierType>FDsys:event</eventIdentifierType>
            <eventIdentifierValue>392acccd-148d-4d38-b912-a0216351fd86</eventIdentifierValue>
        </eventIdentifier>
        <eventType>Parsing</eventType>
        <eventDateTime>2025-04-23T07:12:27-04:00</eventDateTime>
        <eventDetail>Access Content Package P0b002ee1d1ff7f84 was parsed. Descriptive metadata was extracted and persisted in MODS</eventDetail>
        <eventOutcomeInformation>
            <eventOutcome>Success</eventOutcome>
        </eventOutcomeInformation>
        <linkingAgentIdentifier>
            <linkingAgentIdentifierType>FDsys:agent</linkingAgentIdentifierType>
            <linkingAgentIdentifierValue>ParsingFramework_v1.3.0</linkingAgentIdentifierValue>
            <linkingAgentRole>executing program</linkingAgentRole>
        </linkingAgentIdentifier>
        <linkingObjectIdentifier>
            <linkingObjectIdentifierType>FDsys</linkingObjectIdentifierType>
            <linkingObjectIdentifierValue>P0b002ee1d1ff7f84</linkingObjectIdentifierValue>
            <linkingObjectRole>source</linkingObjectRole>
        </linkingObjectIdentifier>
    </event>
    <event>
        <eventIdentifier>
            <eventIdentifierType>FDsys:event</eventIdentifierType>
            <eventIdentifierValue>b9c7f86a-5d26-4195-8ebb-fb82fb8a3323</eventIdentifierValue>
        </eventIdentifier>
        <eventType>Rendition Creation</eventType>
        <eventDateTime>2025-04-23T07:12:27-04:00</eventDateTime>
        <eventDetail>A new rendition R0b002ee1d1ff6893 created from rendition R0b002ee1d1ff7f85 and added to package P0b002ee1d1ff7f84</eventDetail>
        <eventOutcomeInformation>
            <eventOutcome>Success</eventOutcome>
        </eventOutcomeInformation>
        <linkingAgentIdentifier>
            <linkingAgentIdentifierType>FDsys:agent</linkingAgentIdentifierType>
            <linkingAgentIdentifierValue>CreateAccessRendtions_v1.0</linkingAgentIdentifierValue>
            <linkingAgentRole>executing program</linkingAgentRole>
        </linkingAgentIdentifier>
        <linkingObjectIdentifier>
            <linkingObjectIdentifierType>FDsys</linkingObjectIdentifierType>
            <linkingObjectIdentifierValue>R0b002ee1d1ff6893</linkingObjectIdentifierValue>
            <linkingObjectRole>outcome</linkingObjectRole>
        </linkingObjectIdentifier>
        <linkingObjectIdentifier>
            <linkingObjectIdentifierType>FDsys</linkingObjectIdentifierType>
            <linkingObjectIdentifierValue>R0b002ee1d1ff7f85</linkingObjectIdentifierValue>
            <linkingObjectRole>source</linkingObjectRole>
        </linkingObjectIdentifier>
    </event>
    <event>
        <eventIdentifier>
            <eventIdentifierType>FDsys:event</eventIdentifierType>
            <eventIdentifierValue>66a63b2e-a87d-4a00-94a6-f7259f2d013f</eventIdentifierValue>
        </eventIdentifier>
        <eventType>Rendition Creation</eventType>
        <eventDateTime>2025-04-23T07:12:27-04:00</eventDateTime>
        <eventDetail>A new rendition R0b002ee1d1ff6894 created from rendition R0b002ee1d1ff7f86 and added to package P0b002ee1d1ff7f84</eventDetail>
        <eventOutcomeInformation>
            <eventOutcome>Success</eventOutcome>
        </eventOutcomeInformation>
        <linkingAgentIdentifier>
            <linkingAgentIdentifierType>FDsys:agent</linkingAgentIdentifierType>
            <linkingAgentIdentifierValue>CreateAccessRendtions_v1.0</linkingAgentIdentifierValue>
            <linkingAgentRole>executing program</linkingAgentRole>
        </linkingAgentIdentifier>
        <linkingObjectIdentifier>
            <linkingObjectIdentifierType>FDsys</linkingObjectIdentifierType>
            <linkingObjectIdentifierValue>R0b002ee1d1ff6894</linkingObjectIdentifierValue>
            <linkingObjectRole>outcome</linkingObjectRole>
        </linkingObjectIdentifier>
        <linkingObjectIdentifier>
            <linkingObjectIdentifierType>FDsys</linkingObjectIdentifierType>
            <linkingObjectIdentifierValue>R0b002ee1d1ff7f86</linkingObjectIdentifierValue>
            <linkingObjectRole>source</linkingObjectRole>
        </linkingObjectIdentifier>
    </event>
    <event>
        <eventIdentifier>
            <eventIdentifierType>FDsys:event</eventIdentifierType>
            <eventIdentifierValue>e04a27fb-a207-4834-9a27-aa974cc85484</eventIdentifierValue>
        </eventIdentifier>
        <eventType>Message Digest Calculation</eventType>
        <eventDateTime>2025-04-23T07:12:27-04:00</eventDateTime>
        <eventDetail>Checksum calculated against object D09002ee1d1ff7701</eventDetail>
        <eventOutcomeInformation>
            <eventOutcome>Success</eventOutcome>
        </eventOutcomeInformation>
        <linkingAgentIdentifier>
            <linkingAgentIdentifierType>FDsys:agent</linkingAgentIdentifierType>
            <linkingAgentIdentifierValue>Documentum Server 24.2.0000.0163  Linux64.Oracle</linkingAgentIdentifierValue>
            <linkingAgentRole>executing program</linkingAgentRole>
        </linkingAgentIdentifier>
        <linkingObjectIdentifier>
            <linkingObjectIdentifierType>FDsys</linkingObjectIdentifierType>
            <linkingObjectIdentifierValue>D09002ee1d1ff7701</linkingObjectIdentifierValue>
            <linkingObjectRole>outcome</linkingObjectRole>
        </linkingObjectIdentifier>
    </event>
    <event>
        <eventIdentifier>
            <eventIdentifierType>FDsys:event</eventIdentifierType>
            <eventIdentifierValue>424236d1-f770-4dc8-8566-286b9a3bb73e</eventIdentifierValue>
        </eventIdentifier>
        <eventType>File Format Identification</eventType>
        <eventDateTime>2025-04-23T07:12:27-04:00</eventDateTime>
        <eventDetail>File format identified for object D09002ee1d1ff7702</eventDetail>
        <eventOutcomeInformation>
            <eventOutcome>Success</eventOutcome>
        </eventOutcomeInformation>
        <linkingAgentIdentifier>
            <linkingAgentIdentifierType>FDsys:agent</linkingAgentIdentifierType>
            <linkingAgentIdentifierValue>Droid_v119</linkingAgentIdentifierValue>
            <linkingAgentRole>executing program</linkingAgentRole>
        </linkingAgentIdentifier>
        <linkingObjectIdentifier>
            <linkingObjectIdentifierType>FDsys</linkingObjectIdentifierType>
            <linkingObjectIdentifierValue>D09002ee1d1ff7702</linkingObjectIdentifierValue>
            <linkingObjectRole>outcome</linkingObjectRole>
        </linkingObjectIdentifier>
    </event>
    <event>
        <eventIdentifier>
            <eventIdentifierType>FDsys:event</eventIdentifierType>
            <eventIdentifierValue>5e09667d-6c85-4e2b-bd6f-4c84ed8c0faf</eventIdentifierValue>
        </eventIdentifier>
        <eventType>Message Digest Calculation</eventType>
        <eventDateTime>2025-04-23T07:39:26-04:00</eventDateTime>
        <eventDetail>Checksum calculated against object D09002ee1d1ffac10</eventDetail>
        <eventOutcomeInformation>
            <eventOutcome>Success</eventOutcome>
        </eventOutcomeInformation>
        <linkingAgentIdentifier>
            <linkingAgentIdentifierType>FDsys:agent</linkingAgentIdentifierType>
            <linkingAgentIdentifierValue>Documentum Server 24.2.0000.0163  Linux64.Oracle</linkingAgentIdentifierValue>
            <linkingAgentRole>executing program</linkingAgentRole>
        </linkingAgentIdentifier>
        <linkingObjectIdentifier>
            <linkingObjectIdentifierType>FDsys</linkingObjectIdentifierType>
            <linkingObjectIdentifierValue>D09002ee1d1ffac10</linkingObjectIdentifierValue>
            <linkingObjectRole>outcome</linkingObjectRole>
        </linkingObjectIdentifier>
    </event>
    <event>
        <eventIdentifier>
            <eventIdentifierType>FDsys:event</eventIdentifierType>
            <eventIdentifierValue>dd80193a-6433-45d0-b3cf-20659fe67b0d</eventIdentifierValue>
        </eventIdentifier>
        <eventType>File Format Identification</eventType>
        <eventDateTime>2025-04-23T07:39:26-04:00</eventDateTime>
        <eventDetail>File format identified for object D09002ee1d1ffac10</eventDetail>
        <eventOutcomeInformation>
            <eventOutcome>Success</eventOutcome>
        </eventOutcomeInformation>
        <linkingAgentIdentifier>
            <linkingAgentIdentifierType>FDsys:agent</linkingAgentIdentifierType>
            <linkingAgentIdentifierValue>Droid_v119</linkingAgentIdentifierValue>
            <linkingAgentRole>executing program</linkingAgentRole>
        </linkingAgentIdentifier>
        <linkingObjectIdentifier>
            <linkingObjectIdentifierType>FDsys</linkingObjectIdentifierType>
            <linkingObjectIdentifierValue>D09002ee1d1ffac10</linkingObjectIdentifierValue>
            <linkingObjectRole>outcome</linkingObjectRole>
        </linkingObjectIdentifier>
    </event>
    <event>
        <eventIdentifier>
            <eventIdentifierType>FDsys:event</eventIdentifierType>
            <eventIdentifierValue>1c38f219-3e53-4617-ac0d-1f9637165d9d</eventIdentifierValue>
        </eventIdentifier>
        <eventType>Message Digest Calculation</eventType>
        <eventDateTime>2025-04-23T07:39:26-04:00</eventDateTime>
        <eventDetail>Checksum calculated against object D09002ee1d1ffac11</eventDetail>
        <eventOutcomeInformation>
            <eventOutcome>Success</eventOutcome>
        </eventOutcomeInformation>
        <linkingAgentIdentifier>
            <linkingAgentIdentifierType>FDsys:agent</linkingAgentIdentifierType>
            <linkingAgentIdentifierValue>Documentum Server 24.2.0000.0163  Linux64.Oracle</linkingAgentIdentifierValue>
            <linkingAgentRole>executing program</linkingAgentRole>
        </linkingAgentIdentifier>
        <linkingObjectIdentifier>
            <linkingObjectIdentifierType>FDsys</linkingObjectIdentifierType>
            <linkingObjectIdentifierValue>D09002ee1d1ffac11</linkingObjectIdentifierValue>
            <linkingObjectRole>outcome</linkingObjectRole>
        </linkingObjectIdentifier>
    </event>
    <event>
        <eventIdentifier>
            <eventIdentifierType>FDsys:event</eventIdentifierType>
            <eventIdentifierValue>ac37854e-8281-4cb3-9996-83e185312ad7</eventIdentifierValue>
        </eventIdentifier>
        <eventType>File Format Identification</eventType>
        <eventDateTime>2025-04-23T07:39:26-04:00</eventDateTime>
        <eventDetail>File format identified for object D09002ee1d1ffac11</eventDetail>
        <eventOutcomeInformation>
            <eventOutcome>Success</eventOutcome>
        </eventOutcomeInformation>
        <linkingAgentIdentifier>
            <linkingAgentIdentifierType>FDsys:agent</linkingAgentIdentifierType>
            <linkingAgentIdentifierValue>Droid_v119</linkingAgentIdentifierValue>
            <linkingAgentRole>executing program</linkingAgentRole>
        </linkingAgentIdentifier>
        <linkingObjectIdentifier>
            <linkingObjectIdentifierType>FDsys</linkingObjectIdentifierType>
            <linkingObjectIdentifierValue>D09002ee1d1ffac11</linkingObjectIdentifierValue>
            <linkingObjectRole>outcome</linkingObjectRole>
        </linkingObjectIdentifier>
    </event>
    <event>
        <eventIdentifier>
            <eventIdentifierType>FDsys:event</eventIdentifierType>
            <eventIdentifierValue>0e051c12-fef0-4190-8dd3-2ec9bd77ea25</eventIdentifierValue>
        </eventIdentifier>
        <eventType>Parsing</eventType>
        <eventDateTime>2025-04-23T07:39:26-04:00</eventDateTime>
        <eventDetail>Access Content Package P0b002ee1d1ff7f84 was parsed. Descriptive metadata was extracted and persisted in MODS</eventDetail>
        <eventOutcomeInformation>
            <eventOutcome>Success</eventOutcome>
        </eventOutcomeInformation>
        <linkingAgentIdentifier>
            <linkingAgentIdentifierType>FDsys:agent</linkingAgentIdentifierType>
            <linkingAgentIdentifierValue>ParsingFramework_v1.3.0</linkingAgentIdentifierValue>
            <linkingAgentRole>executing program</linkingAgentRole>
        </linkingAgentIdentifier>
        <linkingObjectIdentifier>
            <linkingObjectIdentifierType>FDsys</linkingObjectIdentifierType>
            <linkingObjectIdentifierValue>P0b002ee1d1ff7f84</linkingObjectIdentifierValue>
            <linkingObjectRole>source</linkingObjectRole>
        </linkingObjectIdentifier>
    </event>
    <event>
        <eventIdentifier>
            <eventIdentifierType>FDsys:event</eventIdentifierType>
            <eventIdentifierValue>c5d7be69-3da8-40a6-99bb-4d941a84dd5f</eventIdentifierValue>
        </eventIdentifier>
        <eventType>Rendition Creation</eventType>
        <eventDateTime>2025-04-23T07:39:26-04:00</eventDateTime>
        <eventDetail>A new rendition R0b002ee1d1ffab0e created from rendition R0b002ee1d1ff7f85 and added to package P0b002ee1d1ff7f84</eventDetail>
        <eventOutcomeInformation>
            <eventOutcome>Success</eventOutcome>
        </eventOutcomeInformation>
        <linkingAgentIdentifier>
            <linkingAgentIdentifierType>FDsys:agent</linkingAgentIdentifierType>
            <linkingAgentIdentifierValue>CreateAccessRendtions_v1.0</linkingAgentIdentifierValue>
            <linkingAgentRole>executing program</linkingAgentRole>
        </linkingAgentIdentifier>
        <linkingObjectIdentifier>
            <linkingObjectIdentifierType>FDsys</linkingObjectIdentifierType>
            <linkingObjectIdentifierValue>R0b002ee1d1ffab0e</linkingObjectIdentifierValue>
            <linkingObjectRole>outcome</linkingObjectRole>
        </linkingObjectIdentifier>
        <linkingObjectIdentifier>
            <linkingObjectIdentifierType>FDsys</linkingObjectIdentifierType>
            <linkingObjectIdentifierValue>R0b002ee1d1ff7f85</linkingObjectIdentifierValue>
            <linkingObjectRole>source</linkingObjectRole>
        </linkingObjectIdentifier>
    </event>
    <event>
        <eventIdentifier>
            <eventIdentifierType>FDsys:event</eventIdentifierType>
            <eventIdentifierValue>b736d8c7-01fd-44cb-b635-d50374c9aaf2</eventIdentifierValue>
        </eventIdentifier>
        <eventType>Rendition Creation</eventType>
        <eventDateTime>2025-04-23T07:39:26-04:00</eventDateTime>
        <eventDetail>A new rendition R0b002ee1d1ffab0f created from rendition R0b002ee1d1ff7f86 and added to package P0b002ee1d1ff7f84</eventDetail>
        <eventOutcomeInformation>
            <eventOutcome>Success</eventOutcome>
        </eventOutcomeInformation>
        <linkingAgentIdentifier>
            <linkingAgentIdentifierType>FDsys:agent</linkingAgentIdentifierType>
            <linkingAgentIdentifierValue>CreateAccessRendtions_v1.0</linkingAgentIdentifierValue>
            <linkingAgentRole>executing program</linkingAgentRole>
        </linkingAgentIdentifier>
        <linkingObjectIdentifier>
            <linkingObjectIdentifierType>FDsys</linkingObjectIdentifierType>
            <linkingObjectIdentifierValue>R0b002ee1d1ffab0f</linkingObjectIdentifierValue>
            <linkingObjectRole>outcome</linkingObjectRole>
        </linkingObjectIdentifier>
        <linkingObjectIdentifier>
            <linkingObjectIdentifierType>FDsys</linkingObjectIdentifierType>
            <linkingObjectIdentifierValue>R0b002ee1d1ff7f86</linkingObjectIdentifierValue>
            <linkingObjectRole>source</linkingObjectRole>
        </linkingObjectIdentifier>
    </event>
    <event>
        <eventIdentifier>
            <eventIdentifierType>FDsys:event</eventIdentifierType>
            <eventIdentifierValue>cb1829b6-c918-4a1d-bc4e-234b836565ae</eventIdentifierValue>
        </eventIdentifier>
        <eventType>Digital Signature Assignment</eventType>
        <eventDateTime>2025-04-23T07:39:26-04:00</eventDateTime>
        <eventDetail>PDF File D09002ee1d1ffac11 digitally signed</eventDetail>
        <eventOutcomeInformation>
            <eventOutcome>Success</eventOutcome>
        </eventOutcomeInformation>
        <linkingAgentIdentifier>
            <linkingAgentIdentifierType>FDsys:agent</linkingAgentIdentifierType>
            <linkingAgentIdentifierValue>LiveCycle_v11.0.0</linkingAgentIdentifierValue>
            <linkingAgentRole>executing program</linkingAgentRole>
        </linkingAgentIdentifier>
        <linkingObjectIdentifier>
            <linkingObjectIdentifierType>FDsys</linkingObjectIdentifierType>
            <linkingObjectIdentifierValue>D09002ee1d1ffac11</linkingObjectIdentifierValue>
            <linkingObjectRole>outcome</linkingObjectRole>
        </linkingObjectIdentifier>
    </event>
    <event>
        <eventIdentifier>
            <eventIdentifierType>FDsys:event</eventIdentifierType>
            <eventIdentifierValue>78d9eaf0-34f0-4213-97a0-10ab45f6ddee</eventIdentifierValue>
        </eventIdentifier>
        <eventType>Deletion</eventType>
        <eventDateTime>2025-04-23T07:39:50-04:00</eventDateTime>
        <eventDetail>11002ee180000101 deleted object D09002ee1d1ff7701 from package P0b002ee1d1ff7f84</eventDetail>
        <eventOutcomeInformation>
            <eventOutcome>Success</eventOutcome>
        </eventOutcomeInformation>
        <linkingAgentIdentifier>
            <linkingAgentIdentifierType>FDsys:agent</linkingAgentIdentifierType>
            <linkingAgentIdentifierValue>11002ee180000101</linkingAgentIdentifierValue>
            <linkingAgentRole>implementer</linkingAgentRole>
        </linkingAgentIdentifier>
        <linkingObjectIdentifier>
            <linkingObjectIdentifierType>FDsys</linkingObjectIdentifierType>
            <linkingObjectIdentifierValue>D09002ee1d1ff7701</linkingObjectIdentifierValue>
            <linkingObjectRole>outcome</linkingObjectRole>
        </linkingObjectIdentifier>
    </event>
    <event>
        <eventIdentifier>
            <eventIdentifierType>FDsys:event</eventIdentifierType>
            <eventIdentifierValue>5321e5aa-2e0f-474f-9102-f833c6bd0d17</eventIdentifierValue>
        </eventIdentifier>
        <eventType>Rendition Deletion</eventType>
        <eventDateTime>2025-04-23T07:39:50-04:00</eventDateTime>
        <eventDetail>11002ee180000101 deleted rendition R0b002ee1d1ff6893 from package P0b002ee1d1ff7f84</eventDetail>
        <eventOutcomeInformation>
            <eventOutcome>Success</eventOutcome>
        </eventOutcomeInformation>
        <linkingAgentIdentifier>
            <linkingAgentIdentifierType>FDsys:agent</linkingAgentIdentifierType>
            <linkingAgentIdentifierValue>11002ee180000101</linkingAgentIdentifierValue>
            <linkingAgentRole>implementer</linkingAgentRole>
        </linkingAgentIdentifier>
        <linkingObjectIdentifier>
            <linkingObjectIdentifierType>FDsys</linkingObjectIdentifierType>
            <linkingObjectIdentifierValue>R0b002ee1d1ff6893</linkingObjectIdentifierValue>
            <linkingObjectRole>outcome</linkingObjectRole>
        </linkingObjectIdentifier>
    </event>
    <event>
        <eventIdentifier>
            <eventIdentifierType>FDsys:event</eventIdentifierType>
            <eventIdentifierValue>d01f605a-c516-4b3a-bdce-5dd48863b8a5</eventIdentifierValue>
        </eventIdentifier>
        <eventType>Deletion</eventType>
        <eventDateTime>2025-04-23T07:39:50-04:00</eventDateTime>
        <eventDetail>11002ee180000101 deleted object D09002ee1d1ff7702 from package P0b002ee1d1ff7f84</eventDetail>
        <eventOutcomeInformation>
            <eventOutcome>Success</eventOutcome>
        </eventOutcomeInformation>
        <linkingAgentIdentifier>
            <linkingAgentIdentifierType>FDsys:agent</linkingAgentIdentifierType>
            <linkingAgentIdentifierValue>11002ee180000101</linkingAgentIdentifierValue>
            <linkingAgentRole>implementer</linkingAgentRole>
        </linkingAgentIdentifier>
        <linkingObjectIdentifier>
            <linkingObjectIdentifierType>FDsys</linkingObjectIdentifierType>
            <linkingObjectIdentifierValue>D09002ee1d1ff7702</linkingObjectIdentifierValue>
            <linkingObjectRole>outcome</linkingObjectRole>
        </linkingObjectIdentifier>
    </event>
    <event>
        <eventIdentifier>
            <eventIdentifierType>FDsys:event</eventIdentifierType>
            <eventIdentifierValue>5f9981b0-33be-431d-b0e6-2da91e0bdbc6</eventIdentifierValue>
        </eventIdentifier>
        <eventType>Rendition Deletion</eventType>
        <eventDateTime>2025-04-23T07:39:50-04:00</eventDateTime>
        <eventDetail>11002ee180000101 deleted rendition R0b002ee1d1ff6894 from package P0b002ee1d1ff7f84</eventDetail>
        <eventOutcomeInformation>
            <eventOutcome>Success</eventOutcome>
        </eventOutcomeInformation>
        <linkingAgentIdentifier>
            <linkingAgentIdentifierType>FDsys:agent</linkingAgentIdentifierType>
            <linkingAgentIdentifierValue>11002ee180000101</linkingAgentIdentifierValue>
            <linkingAgentRole>implementer</linkingAgentRole>
        </linkingAgentIdentifier>
        <linkingObjectIdentifier>
            <linkingObjectIdentifierType>FDsys</linkingObjectIdentifierType>
            <linkingObjectIdentifierValue>R0b002ee1d1ff6894</linkingObjectIdentifierValue>
            <linkingObjectRole>outcome</linkingObjectRole>
        </linkingObjectIdentifier>
    </event>
    <event>
        <eventIdentifier>
            <eventIdentifierType>FDsys:event</eventIdentifierType>
            <eventIdentifierValue>06a2ee59-59e7-4e56-ac93-761c00e12ff0</eventIdentifierValue>
        </eventIdentifier>
        <eventType>Reprocessed for Access</eventType>
        <eventDateTime>2025-04-23T07:39:50-04:00</eventDateTime>
        <eventDetail>11002ee180000950 has reprocessed ACP P0b002ee1d1ff7f84 for access, which includes deleting and regenerating the granule folder and derived renditions. The content has been reparsed and there may be updates to the descriptive metadata in AIP and ACP.</eventDetail>
        <eventOutcomeInformation>
            <eventOutcome>Success</eventOutcome>
        </eventOutcomeInformation>
        <linkingAgentIdentifier>
            <linkingAgentIdentifierType>FDsys:agent</linkingAgentIdentifierType>
            <linkingAgentIdentifierValue>11002ee180000950</linkingAgentIdentifierValue>
            <linkingAgentRole>implementer</linkingAgentRole>
        </linkingAgentIdentifier>
        <linkingObjectIdentifier>
            <linkingObjectIdentifierType>FDsys</linkingObjectIdentifierType>
            <linkingObjectIdentifierValue>P0b002ee1d1ff7f84</linkingObjectIdentifierValue>
            <linkingObjectRole>source</linkingObjectRole>
        </linkingObjectIdentifier>
    </event>
    <agent>
        <agentIdentifier>
            <agentIdentifierType>FDsys:agent</agentIdentifierType>
            <agentIdentifierValue>VeraPDF v.1.24.1</agentIdentifierValue>
        </agentIdentifier>
        <agentName>VeraPDF v.1.24.1</agentName>
        <agentType>Software</agentType>
    </agent>
    <agent>
        <agentIdentifier>
            <agentIdentifierType>FDsys:agent</agentIdentifierType>
            <agentIdentifierValue>CreateAIPFiles_v1.0</agentIdentifierValue>
        </agentIdentifier>
        <agentName>CreateAIPFiles_v1.0</agentName>
        <agentType>Software</agentType>
    </agent>
    <agent>
        <agentIdentifier>
            <agentIdentifierType>FDsys:agent</agentIdentifierType>
            <agentIdentifierValue>ScanEngine_v9.2</agentIdentifierValue>
        </agentIdentifier>
        <agentName>ScanEngine_v9.2</agentName>
        <agentType>Software</agentType>
    </agent>
    <agent>
        <agentIdentifier>
            <agentIdentifierType>FDsys:agent</agentIdentifierType>
            <agentIdentifierValue>Documentum Server 24.2.0000.0163  Linux64.Oracle</agentIdentifierValue>
        </agentIdentifier>
        <agentName>Documentum Server 24.2.0000.0163  Linux64.Oracle</agentName>
        <agentType>Software</agentType>
    </agent>
    <agent>
        <agentIdentifier>
            <agentIdentifierType>FDsys:agent</agentIdentifierType>
            <agentIdentifierValue>hotfolderadmin</agentIdentifierValue>
        </agentIdentifier>
        <agentName>hotfolderadmin</agentName>
        <agentType>Person</agentType>
    </agent>
    <agent>
        <agentIdentifier>
            <agentIdentifierType>FDsys:agent</agentIdentifierType>
            <agentIdentifierValue>Crypto_v1.0</agentIdentifierValue>
        </agentIdentifier>
        <agentName>Crypto_v1.0</agentName>
        <agentType>Software</agentType>
    </agent>
    <agent>
        <agentIdentifier>
            <agentIdentifierType>FDsys:agent</agentIdentifierType>
            <agentIdentifierValue>Droid_v119</agentIdentifierValue>
        </agentIdentifier>
        <agentName>Droid_v119</agentName>
        <agentType>Software</agentType>
    </agent>
    <agent>
        <agentIdentifier>
            <agentIdentifierType>FDsys:agent</agentIdentifierType>
            <agentIdentifierValue>11002ee180000950</agentIdentifierValue>
        </agentIdentifier>
        <agentName>11002ee180000950</agentName>
        <agentType>Person</agentType>
    </agent>
    <agent>
        <agentIdentifier>
            <agentIdentifierType>FDsys:agent</agentIdentifierType>
            <agentIdentifierValue>Documentum Server 24.2.0000.0163  Linux64.Oracle</agentIdentifierValue>
        </agentIdentifier>
        <agentName>Documentum Server 24.2.0000.0163  Linux64.Oracle</agentName>
        <agentType>Software</agentType>
    </agent>
    <agent>
        <agentIdentifier>
            <agentIdentifierType>FDsys:agent</agentIdentifierType>
            <agentIdentifierValue>CreateACP_v1.0</agentIdentifierValue>
        </agentIdentifier>
        <agentName>CreateACP_v1.0</agentName>
        <agentType>Software</agentType>
    </agent>
    <agent>
        <agentIdentifier>
            <agentIdentifierType>FDsys:agent</agentIdentifierType>
            <agentIdentifierValue>ParsingFramework_v1.3.0</agentIdentifierValue>
        </agentIdentifier>
        <agentName>ParsingFramework_v1.3.0</agentName>
        <agentType>Software</agentType>
    </agent>
    <agent>
        <agentIdentifier>
            <agentIdentifierType>FDsys:agent</agentIdentifierType>
            <agentIdentifierValue>CreateAccessRendtions_v1.0</agentIdentifierValue>
        </agentIdentifier>
        <agentName>CreateAccessRendtions_v1.0</agentName>
        <agentType>Software</agentType>
    </agent>
    <agent>
        <agentIdentifier>
            <agentIdentifierType>FDsys:agent</agentIdentifierType>
            <agentIdentifierValue>LiveCycle_v11.0.0</agentIdentifierValue>
        </agentIdentifier>
        <agentName>LiveCycle_v11.0.0</agentName>
        <agentType>Software</agentType>
    </agent>
    <agent>
        <agentIdentifier>
            <agentIdentifierType>FDsys:agent</agentIdentifierType>
            <agentIdentifierValue>Droid_v119</agentIdentifierValue>
        </agentIdentifier>
        <agentName>Droid_v119</agentName>
        <agentType>Software</agentType>
    </agent>
    <agent>
        <agentIdentifier>
            <agentIdentifierType>FDsys:agent</agentIdentifierType>
            <agentIdentifierValue>Documentum Server 24.2.0000.0163  Linux64.Oracle</agentIdentifierValue>
        </agentIdentifier>
        <agentName>Documentum Server 24.2.0000.0163  Linux64.Oracle</agentName>
        <agentType>Software</agentType>
    </agent>
    <agent>
        <agentIdentifier>
            <agentIdentifierType>FDsys:agent</agentIdentifierType>
            <agentIdentifierValue>ParsingFramework_v1.3.0</agentIdentifierValue>
        </agentIdentifier>
        <agentName>ParsingFramework_v1.3.0</agentName>
        <agentType>Software</agentType>
    </agent>
    <agent>
        <agentIdentifier>
            <agentIdentifierType>FDsys:agent</agentIdentifierType>
            <agentIdentifierValue>11002ee180000101</agentIdentifierValue>
        </agentIdentifier>
        <agentName>11002ee180000101</agentName>
        <agentType>Person</agentType>
    </agent>
    <agent>
        <agentIdentifier>
            <agentIdentifierType>FDsys:agent</agentIdentifierType>
            <agentIdentifierValue>CreateAccessRendtions_v1.0</agentIdentifierValue>
        </agentIdentifier>
        <agentName>CreateAccessRendtions_v1.0</agentName>
        <agentType>Software</agentType>
    </agent>
    <agent>
        <agentIdentifier>
            <agentIdentifierType>FDsys:agent</agentIdentifierType>
            <agentIdentifierValue>LiveCycle_v11.0.0</agentIdentifierValue>
        </agentIdentifier>
        <agentName>LiveCycle_v11.0.0</agentName>
        <agentType>Software</agentType>
    </agent>
    <agent>
        <agentIdentifier>
            <agentIdentifierType>FDsys:agent</agentIdentifierType>
            <agentIdentifierValue>Droid_v119</agentIdentifierValue>
        </agentIdentifier>
        <agentName>Droid_v119</agentName>
        <agentType>Software</agentType>
    </agent>
    <agent>
        <agentIdentifier>
            <agentIdentifierType>FDsys:agent</agentIdentifierType>
            <agentIdentifierValue>11002ee180000950</agentIdentifierValue>
        </agentIdentifier>
        <agentName>11002ee180000950</agentName>
        <agentType>Person</agentType>
    </agent>
    <rights>
        <rightsStatement>
            <rightsStatementIdentifier>
                <rightsStatementIdentifierType>local</rightsStatementIdentifierType>
                <rightsStatementIdentifierValue>Copyright protection under this title is not available for any work of the United States Government pursuant to Title 17 United States Code chapter 1 section 105</rightsStatementIdentifierValue>
            </rightsStatementIdentifier>
            <rightsBasis>copyright</rightsBasis>
            <copyrightInformation>
                <copyrightStatus>public domain</copyrightStatus>
                <copyrightJurisdiction>United States</copyrightJurisdiction></copyrightInformation>
        </rightsStatement>
    </rights>
</premis>
