<mods xmlns:xlink="http://www.w3.org/1999/xlink" xmlns:exslt="http://exslt.org/common" xmlns:xsi="http://www.w3.org/2001/XMLSchema-instance" xmlns="http://www.loc.gov/mods/v3" version="3.3" xsi:schemaLocation="http://www.loc.gov/mods/v3 http://www.loc.gov/standards/mods/v3/mods-3-3.xsd" ID="P0b002ee1cfb663ff">
    <name type="corporate">
         <namePart>United States Government Publishing Office</namePart>
         <role>
              <roleTerm authority="marcrelator" type="text">publisher</roleTerm>
              <roleTerm authority="marcrelator" type="code">pbl</roleTerm>
        </role>
         <role>
              <roleTerm authority="marcrelator" type="text">distributor</roleTerm>
              <roleTerm authority="marcrelator" type="code">dst</roleTerm>
        </role>
    </name>
    <name type="corporate">
         <namePart>United States</namePart>
         <namePart>Congress</namePart>
         <namePart>Senate</namePart>
         <role>
              <roleTerm authority="marcrelator" type="text">author</roleTerm>
              <roleTerm authority="marcrelator" type="code">aut</roleTerm>
        </role>
         <description>Government Organization</description>
    </name>
    <typeOfResource>text</typeOfResource>
    <genre authority="marcgt">government publication</genre>
    <language>
         <languageTerm type="code" authority="iso639-2b">eng</languageTerm>
    </language>
    <extension>
         <collectionCode>CHRG</collectionCode>
         <category>Congressional Committee Materials</category>
         <waisDatabaseName>118_senate_hearings</waisDatabaseName>
         <branch>legislative</branch>
         <dateIngested>2025-02-06</dateIngested>
    </extension>
    <titleInfo>
         <title>IMPLEMENTATION OF THE GLOBAL MAGNITSKY LAWS</title>
    </titleInfo>
    <titleInfo type="alternative"></titleInfo>
    <location>
         <url displayLabel="Content Detail" access="object in context">https://www.govinfo.gov/app/details/CHRG-118shrg58366</url>
         <url displayLabel="HTML rendition" access="raw object">https://www.govinfo.gov/content/pkg/CHRG-118shrg58366/html/CHRG-118shrg58366.htm</url>
         <url displayLabel="PDF rendition" access="raw object">https://www.govinfo.gov/content/pkg/CHRG-118shrg58366/pdf/CHRG-118shrg58366.pdf</url>
    </location>
    <originInfo>
         <publisher>U.S. Government Publishing Office</publisher>
         <dateIssued encoding="w3cdtf">2024-12-05</dateIssued>
         <issuance>monographic</issuance>
    </originInfo>
    <physicalDescription>
         <note type="source content type">deposited</note>
         <digitalOrigin>born digital</digitalOrigin>
         <extent>30 digital object pages</extent>
    </physicalDescription>
    <classification authority="sudocs">Y 4.F 76/2:</classification>
    <identifier type="uri">https://www.govinfo.gov/app/details/CHRG-118shrg58366</identifier>
    <identifier type="local">P0b002ee1cfb663ff</identifier>
    <identifier type="former package identifier">f:58366.txt</identifier>
    <recordInfo>
         <recordContentSource authority="marcorg">DGPO</recordContentSource>
         <recordCreationDate encoding="w3cdtf">2025-02-06</recordCreationDate>
         <recordChangeDate encoding="w3cdtf">2025-02-06</recordChangeDate>
         <recordIdentifier source="DGPO">CHRG-118shrg58366</recordIdentifier>
         <recordOrigin>machine generated</recordOrigin>
         <languageOfCataloging>
              <languageTerm type="code" authority="iso639-2b">eng</languageTerm>
        </languageOfCataloging>
    </recordInfo>
    <accessCondition type="GPO scope determination">fdlp</accessCondition>
    <extension>
         <docClass>SHRG</docClass>
         <accessId>CHRG-118shrg58366</accessId>
         <type>G</type>
         <chamber>SENATE</chamber>
         <congress years="2023-2024">118</congress>
         <session>2</session>
         <number>544</number>
         <heldDate>2024-12-05</heldDate>
         <preferredCitation>S. Hrg. 118-544</preferredCitation>
    </extension>
    <extension>
         <searchTitle>IMPLEMENTATION OF THE GLOBAL MAGNITSKY LAWS</searchTitle>
         <granuleClass>OTHERPART</granuleClass>
         <accessId>CHRG-118shrg58366</accessId>
         <graphicsInPDF>true</graphicsInPDF>
         <isAppropriation>false</isAppropriation>
         <jacketId>58-366</jacketId>
         <congCommittee authorityId="ssfr00" chamber="S" congress="118" type="S">
                                    
              <name type="authority-standard">Committee on Foreign Relations</name>
                                    
              <name type="authority-short">Foreign Relations</name>
                                
        </congCommittee>
         <congCommittee chamber="S" congress="118" authorityId="ssfr00" type="S">
                
              <name type="authority-standard">Committee on Foreign Relations</name>
              <name type="authority-short">Foreign Relations</name>
            
        </congCommittee>
         <congMember bioGuideId="B001261" chamber="S" congress="118" party="R" role="COMMMEMBER" state="WY">
                                    
              <name type="parsed">JOHN BARRASSO of Wyoming</name>
                                    
              <name type="authority-fnf">John Barrasso</name>
                                    
              <name type="authority-lnf">Barrasso, John</name>
                                
        </congMember>
         <congMember bioGuideId="B001288" chamber="S" congress="118" party="D" role="COMMMEMBER" state="NJ">
                                    
              <name type="parsed">CORY A. BOOKER of New Jersey</name>
                                    
              <name type="authority-fnf">Cory A. Booker</name>
                                    
              <name type="authority-lnf">Booker, Cory A.</name>
                                    
              <name type="authority-other">Mr. Cory Booker</name>
                                
        </congMember>
         <congMember bioGuideId="C000141" chamber="S" congress="118" party="D" role="COMMMEMBER" state="MD">
                                    
              <name type="parsed">BENJAMIN L. CARDIN of Maryland</name>
                                    
              <name type="authority-fnf">Benjamin L. Cardin</name>
                                    
              <name type="authority-lnf">Cardin, Benjamin L.</name>
                                    
              <name type="authority-other">Mr. Ben Cardin</name>
                                
        </congMember>
         <congMember bioGuideId="C001088" chamber="S" congress="118" party="D" role="COMMMEMBER" state="DE">
                                    
              <name type="parsed">CHRISTOPHER A. COONS of Delaware</name>
                                    
              <name type="authority-fnf">Christopher A. Coons</name>
                                    
              <name type="authority-lnf">Coons, Christopher A.</name>
                                    
              <name type="authority-other">Mr. Christopher Coons</name>
                                
        </congMember>
         <congMember bioGuideId="C001098" chamber="S" congress="118" party="R" role="COMMMEMBER" state="TX">
                                    
              <name type="parsed">TED CRUZ of Texas</name>
                                    
              <name type="authority-fnf">Ted Cruz</name>
                                    
              <name type="authority-lnf">Cruz, Ted</name>
                                
        </congMember>
         <congMember bioGuideId="D000622" chamber="S" congress="118" party="D" role="COMMMEMBER" state="IL">
                                    
              <name type="parsed">TAMMY DUCKWORTH of Illinois</name>
                                    
              <name type="authority-fnf">Tammy Duckworth</name>
                                    
              <name type="authority-lnf">Duckworth, Tammy</name>
                                
        </congMember>
         <congMember bioGuideId="H000601" chamber="S" congress="118" party="R" role="COMMMEMBER" state="TN">
                                    
              <name type="parsed">BILL HAGERTY of Tennessee</name>
                                    
              <name type="authority-fnf">Bill Hagerty</name>
                                    
              <name type="authority-lnf">Hagerty, Bill</name>
                                
        </congMember>
         <congMember bioGuideId="H001097" chamber="S" congress="118" party="D" role="COMMMEMBER" state="NJ">
                                    
              <name type="parsed">GEORGE S. HELMY of New Jersey</name>
                                    
              <name type="authority-fnf">George S. Helmy</name>
                                    
              <name type="authority-lnf">Helmy, George S.</name>
                                    
              <name type="authority-other">Mr. George Helmy</name>
                                
        </congMember>
         <congMember bioGuideId="K000384" chamber="S" congress="118" party="D" role="COMMMEMBER" state="VA">
                                    
              <name type="parsed">TIM KAINE of Virginia</name>
                                    
              <name type="authority-fnf">Tim Kaine</name>
                                    
              <name type="authority-lnf">Kaine, Tim</name>
                                    
              <name type="authority-other">Mr. Timothy Kaine</name>
                                
        </congMember>
         <congMember bioGuideId="M001169" chamber="S" congress="118" party="D" role="COMMMEMBER" state="CT">
                                    
              <name type="parsed">CHRISTOPHER MURPHY of Connecticut</name>
                                    
              <name type="authority-fnf">Christopher Murphy</name>
                                    
              <name type="authority-lnf">Murphy, Christopher</name>
                                    
              <name type="authority-other">Mr. Christopher S. Murphy</name>
                                
        </congMember>
         <congMember bioGuideId="M001176" chamber="S" congress="118" party="D" role="COMMMEMBER" state="OR">
                                    
              <name type="parsed">JEFF MERKLEY of Oregon</name>
                                    
              <name type="authority-fnf">Jeff Merkley</name>
                                    
              <name type="authority-lnf">Merkley, Jeff</name>
                                
        </congMember>
         <congMember bioGuideId="P000603" chamber="S" congress="118" party="R" role="COMMMEMBER" state="KY">
                                    
              <name type="parsed">RAND PAUL of Kentucky</name>
                                    
              <name type="authority-fnf">Rand Paul</name>
                                    
              <name type="authority-lnf">Paul, Rand</name>
                                
        </congMember>
         <congMember bioGuideId="R000584" chamber="S" congress="118" party="R" role="COMMMEMBER" state="ID">
                                    
              <name type="parsed">JAMES E. RISCH of Idaho</name>
                                    
              <name type="authority-fnf">James E. Risch</name>
                                    
              <name type="authority-lnf">Risch, James E.</name>
                                    
              <name type="authority-other">Mr. James Risch</name>
                                
        </congMember>
         <congMember bioGuideId="R000595" chamber="S" congress="118" party="R" role="COMMMEMBER" state="FL">
                                    
              <name type="parsed">MARCO RUBIO of Florida</name>
                                    
              <name type="authority-fnf">Marco Rubio</name>
                                    
              <name type="authority-lnf">Rubio, Marco</name>
                                
        </congMember>
         <congMember bioGuideId="R000615" chamber="S" congress="118" party="R" role="COMMMEMBER" state="UT">
                                    
              <name type="parsed">MITT ROMNEY of Utah</name>
                                    
              <name type="authority-fnf">Mitt Romney</name>
                                    
              <name type="authority-lnf">Romney, Mitt</name>
                                
        </congMember>
         <congMember bioGuideId="R000618" chamber="S" congress="118" party="R" role="COMMMEMBER" state="NE">
                                    
              <name type="parsed">PETE RICKETTS of Nebraska</name>
                                    
              <name type="authority-fnf">Pete Ricketts</name>
                                    
              <name type="authority-lnf">Ricketts, Pete</name>
                                
        </congMember>
         <congMember bioGuideId="S001181" chamber="S" congress="118" party="D" role="COMMMEMBER" state="NH">
                                    
              <name type="parsed">JEANNE SHAHEEN of New Hampshire</name>
                                    
              <name type="authority-fnf">Jeanne Shaheen</name>
                                    
              <name type="authority-lnf">Shaheen, Jeanne</name>
                                
        </congMember>
         <congMember bioGuideId="S001184" chamber="S" congress="118" party="R" role="COMMMEMBER" state="SC">
                                    
              <name type="parsed">TIM SCOTT of South Carolina</name>
                                    
              <name type="authority-fnf">Tim Scott</name>
                                    
              <name type="authority-lnf">Scott, Tim</name>
                                
        </congMember>
         <congMember bioGuideId="S001194" chamber="S" congress="118" party="D" role="COMMMEMBER" state="HI">
                                    
              <name type="parsed">BRIAN SCHATZ of Hawaii</name>
                                    
              <name type="authority-fnf">Brian Schatz</name>
                                    
              <name type="authority-lnf">Schatz, Brian</name>
                                
        </congMember>
         <congMember bioGuideId="V000128" chamber="S" congress="118" party="D" role="COMMMEMBER" state="MD">
                                    
              <name type="parsed">CHRIS VAN HOLLEN of Maryland</name>
                                    
              <name type="authority-fnf">Chris Van Hollen</name>
                                    
              <name type="authority-lnf">Van Hollen, Chris</name>
                                
        </congMember>
         <congMember bioGuideId="Y000064" chamber="S" congress="118" party="R" role="COMMMEMBER" state="IN">
                                    
              <name type="parsed">TODD YOUNG of Indiana</name>
                                    
              <name type="authority-fnf">Todd Young</name>
                                    
              <name type="authority-lnf">Young, Todd</name>
                                
        </congMember>
         <isNomination>false</isNomination>
         <isErrata>false</isErrata>
    </extension>
    <name type="corporate">
         <namePart>United States</namePart>
         <namePart>Congress</namePart>
         <namePart>Senate</namePart>
         <namePart>Committee on Foreign Relations</namePart>
         <role>
              <roleTerm authority="marcrelator" type="text">associated name</roleTerm>
              <roleTerm authority="marcrelator" type="code">asn</roleTerm>
        </role>
         <description>Government Organization</description>
    </name>
    <name type="corporate">
         <namePart>United States</namePart>
         <namePart>Congress</namePart>
         <namePart>Senate</namePart>
         <namePart>Committee on Foreign Relations</namePart>
         <role>
              <roleTerm authority="marcrelator" type="text">associated name</roleTerm>
              <roleTerm authority="marcrelator" type="code">asn</roleTerm>
        </role>
         <description>Government Organization</description>
    </name>
    <name type="personal">
         <namePart>John Barrasso</namePart>
         <affiliation>United States Senate</affiliation>
         <role>
              <roleTerm type="text">committee member</roleTerm>
        </role>
         <description>United States Congressional Member</description>
    </name>
    <name type="personal">
         <namePart>Cory A. Booker</namePart>
         <affiliation>United States Senate</affiliation>
         <role>
              <roleTerm type="text">committee member</roleTerm>
        </role>
         <description>United States Congressional Member</description>
    </name>
    <name type="personal">
         <namePart>Benjamin L. Cardin</namePart>
         <affiliation>United States Senate</affiliation>
         <role>
              <roleTerm type="text">committee member</roleTerm>
        </role>
         <description>United States Congressional Member</description>
    </name>
    <name type="personal">
         <namePart>Christopher A. Coons</namePart>
         <affiliation>United States Senate</affiliation>
         <role>
              <roleTerm type="text">committee member</roleTerm>
        </role>
         <description>United States Congressional Member</description>
    </name>
    <name type="personal">
         <namePart>Ted Cruz</namePart>
         <affiliation>United States Senate</affiliation>
         <role>
              <roleTerm type="text">committee member</roleTerm>
        </role>
         <description>United States Congressional Member</description>
    </name>
    <name type="personal">
         <namePart>Tammy Duckworth</namePart>
         <affiliation>United States Senate</affiliation>
         <role>
              <roleTerm type="text">committee member</roleTerm>
        </role>
         <description>United States Congressional Member</description>
    </name>
    <name type="personal">
         <namePart>Bill Hagerty</namePart>
         <affiliation>United States Senate</affiliation>
         <role>
              <roleTerm type="text">committee member</roleTerm>
        </role>
         <description>United States Congressional Member</description>
    </name>
    <name type="personal">
         <namePart>George S. Helmy</namePart>
         <affiliation>United States Senate</affiliation>
         <role>
              <roleTerm type="text">committee member</roleTerm>
        </role>
         <description>United States Congressional Member</description>
    </name>
    <name type="personal">
         <namePart>Tim Kaine</namePart>
         <affiliation>United States Senate</affiliation>
         <role>
              <roleTerm type="text">committee member</roleTerm>
        </role>
         <description>United States Congressional Member</description>
    </name>
    <name type="personal">
         <namePart>Christopher Murphy</namePart>
         <affiliation>United States Senate</affiliation>
         <role>
              <roleTerm type="text">committee member</roleTerm>
        </role>
         <description>United States Congressional Member</description>
    </name>
    <name type="personal">
         <namePart>Jeff Merkley</namePart>
         <affiliation>United States Senate</affiliation>
         <role>
              <roleTerm type="text">committee member</roleTerm>
        </role>
         <description>United States Congressional Member</description>
    </name>
    <name type="personal">
         <namePart>Rand Paul</namePart>
         <affiliation>United States Senate</affiliation>
         <role>
              <roleTerm type="text">committee member</roleTerm>
        </role>
         <description>United States Congressional Member</description>
    </name>
    <name type="personal">
         <namePart>James E. Risch</namePart>
         <affiliation>United States Senate</affiliation>
         <role>
              <roleTerm type="text">committee member</roleTerm>
        </role>
         <description>United States Congressional Member</description>
    </name>
    <name type="personal">
         <namePart>Marco Rubio</namePart>
         <affiliation>United States Senate</affiliation>
         <role>
              <roleTerm type="text">committee member</roleTerm>
        </role>
         <description>United States Congressional Member</description>
    </name>
    <name type="personal">
         <namePart>Mitt Romney</namePart>
         <affiliation>United States Senate</affiliation>
         <role>
              <roleTerm type="text">committee member</roleTerm>
        </role>
         <description>United States Congressional Member</description>
    </name>
    <name type="personal">
         <namePart>Pete Ricketts</namePart>
         <affiliation>United States Senate</affiliation>
         <role>
              <roleTerm type="text">committee member</roleTerm>
        </role>
         <description>United States Congressional Member</description>
    </name>
    <name type="personal">
         <namePart>Jeanne Shaheen</namePart>
         <affiliation>United States Senate</affiliation>
         <role>
              <roleTerm type="text">committee member</roleTerm>
        </role>
         <description>United States Congressional Member</description>
    </name>
    <name type="personal">
         <namePart>Tim Scott</namePart>
         <affiliation>United States Senate</affiliation>
         <role>
              <roleTerm type="text">committee member</roleTerm>
        </role>
         <description>United States Congressional Member</description>
    </name>
    <name type="personal">
         <namePart>Brian Schatz</namePart>
         <affiliation>United States Senate</affiliation>
         <role>
              <roleTerm type="text">committee member</roleTerm>
        </role>
         <description>United States Congressional Member</description>
    </name>
    <name type="personal">
         <namePart>Chris Van Hollen</namePart>
         <affiliation>United States Senate</affiliation>
         <role>
              <roleTerm type="text">committee member</roleTerm>
        </role>
         <description>United States Congressional Member</description>
    </name>
    <name type="personal">
         <namePart>Todd Young</namePart>
         <affiliation>United States Senate</affiliation>
         <role>
              <roleTerm type="text">committee member</roleTerm>
        </role>
         <description>United States Congressional Member</description>
    </name>
    <relatedItem type="isReferencedBy">
         <identifier type="Jacket citation"></identifier>
    </relatedItem>
</mods>