<mods xmlns:xlink="http://www.w3.org/1999/xlink" xmlns:exslt="http://exslt.org/common" xmlns:xsi="http://www.w3.org/2001/XMLSchema-instance" xmlns="http://www.loc.gov/mods/v3" version="3.3" xsi:schemaLocation="http://www.loc.gov/mods/v3 http://www.loc.gov/standards/mods/v3/mods-3-3.xsd" ID="P0b002ee1d0029f91">
    <name type="corporate">
         <namePart>United States Government Publishing Office</namePart>
         <role>
              <roleTerm authority="marcrelator" type="text">publisher</roleTerm>
              <roleTerm authority="marcrelator" type="code">pbl</roleTerm>
        </role>
         <role>
              <roleTerm authority="marcrelator" type="text">distributor</roleTerm>
              <roleTerm authority="marcrelator" type="code">dst</roleTerm>
        </role>
    </name>
    <name type="corporate">
         <namePart>United States</namePart>
         <namePart>Congress</namePart>
         <namePart>House of Representatives</namePart>
         <role>
              <roleTerm authority="marcrelator" type="text">author</roleTerm>
              <roleTerm authority="marcrelator" type="code">aut</roleTerm>
        </role>
         <description>Government Organization</description>
    </name>
    <typeOfResource>text</typeOfResource>
    <genre authority="marcgt">government publication</genre>
    <language>
         <languageTerm type="code" authority="iso639-2b">eng</languageTerm>
    </language>
    <extension>
         <collectionCode>CHRG</collectionCode>
         <category>Congressional Committee Materials</category>
         <waisDatabaseName>118_house_hearings</waisDatabaseName>
         <branch>legislative</branch>
         <dateIngested>2025-02-18</dateIngested>
    </extension>
    <titleInfo>
         <title>MEASURING POVERTY: HOW THE BIDEN ADMINISTRATION PLANS TO REDRAW THE POVERTY LINE AND ROB RESOURCES FROM RURAL AMERICA</title>
    </titleInfo>
    <titleInfo type="alternative"></titleInfo>
    <location>
         <url displayLabel="Content Detail" access="object in context">https://www.govinfo.gov/app/details/CHRG-118hhrg55996</url>
         <url displayLabel="HTML rendition" access="raw object">https://www.govinfo.gov/content/pkg/CHRG-118hhrg55996/html/CHRG-118hhrg55996.htm</url>
         <url displayLabel="PDF rendition" access="raw object">https://www.govinfo.gov/content/pkg/CHRG-118hhrg55996/pdf/CHRG-118hhrg55996.pdf</url>
    </location>
    <originInfo>
         <publisher>U.S. Government Publishing Office</publisher>
         <dateIssued encoding="w3cdtf">2023-10-24</dateIssued>
         <issuance>monographic</issuance>
    </originInfo>
    <physicalDescription>
         <note type="source content type">deposited</note>
         <digitalOrigin>born digital</digitalOrigin>
         <extent>136 digital object pages</extent>
    </physicalDescription>
    <classification authority="sudocs">Y 4.W 36:</classification>
    <identifier type="uri">https://www.govinfo.gov/app/details/CHRG-118hhrg55996</identifier>
    <identifier type="local">P0b002ee1d0029f91</identifier>
    <identifier type="former package identifier">f:55996.txt</identifier>
    <recordInfo>
         <recordContentSource authority="marcorg">DGPO</recordContentSource>
         <recordCreationDate encoding="w3cdtf">2025-02-18</recordCreationDate>
         <recordChangeDate encoding="w3cdtf">2025-02-18</recordChangeDate>
         <recordIdentifier source="DGPO">CHRG-118hhrg55996</recordIdentifier>
         <recordOrigin>machine generated</recordOrigin>
         <languageOfCataloging>
              <languageTerm type="code" authority="iso639-2b">eng</languageTerm>
        </languageOfCataloging>
    </recordInfo>
    <accessCondition type="GPO scope determination">fdlp</accessCondition>
    <extension>
         <docClass>HHRG</docClass>
         <accessId>CHRG-118hhrg55996</accessId>
         <type>G</type>
         <chamber>HOUSE</chamber>
         <congress years="2023-2024">118</congress>
         <session>1</session>
         <heldDate>2023-10-24</heldDate>
         <preferredCitation>Serial No. 118-WW04</preferredCitation>
    </extension>
    <extension>
         <searchTitle>MEASURING POVERTY: HOW THE BIDEN ADMINISTRATION PLANS TO REDRAW THE POVERTY LINE AND ROB RESOURCES FROM RURAL AMERICA</searchTitle>
         <granuleClass>OTHERPART</granuleClass>
         <accessId>CHRG-118hhrg55996</accessId>
         <graphicsInPDF>true</graphicsInPDF>
         <witness>Kevin Corinth, Senior Fellow and Deputy Director of the Center on Opportunity and Social Mobility, American Enterprise Institute</witness>
         <witness>Douglas Besharov, Professor, University of Maryland School of Public Policy</witness>
         <witness>Bruce D. Meyer, McCormick Foundation Professor of Public Policy, University of Chicago</witness>
         <witness>David Hansen, Director of Educational Opportunities and Investments, Perry County Ohio Job and Family Services</witness>
         <witness>Elaine Maag, Senior Fellow, Urban-Brookings Tax Policy Center</witness>
         <isAppropriation>false</isAppropriation>
         <congSerial chamber="H" congress="118" number="WW04"></congSerial>
         <jacketId>55-996</jacketId>
         <congCommittee authorityId="hswm00" chamber="H" congress="118" type="S">
                                    
              <name type="authority-standard">Committee on Ways and Means</name>
                                    
              <name type="authority-short">Ways and Means</name>
                                    
              <subCommittee>
                                            
                   <name type="parsed">Subcommittee on Work and Welfare</name>
                                        
            </subCommittee>
                                
        </congCommittee>
         <congMember bioGuideId="A000375" chamber="H" congress="118" party="R" role="COMMMEMBER" state="TX">
                                    
              <name type="parsed">JODEY ARRINGTON of Texas</name>
                                    
              <name type="authority-fnf">Jodey C. Arrington</name>
                                    
              <name type="authority-lnf">Arrington, Jodey C.</name>
                                    
              <name type="authority-other">Mr. Jodey Arrington</name>
                                
        </congMember>
         <congMember bioGuideId="B000574" chamber="H" congress="118" party="D" role="COMMMEMBER" state="OR">
                                    
              <name type="parsed">EARL BLUMENAUER of Oregon</name>
                                    
              <name type="authority-fnf">Earl Blumenauer</name>
                                    
              <name type="authority-lnf">Blumenauer, Earl</name>
                                
        </congMember>
         <congMember bioGuideId="B001260" chamber="H" congress="118" party="R" role="COMMMEMBER" state="FL">
                                    
              <name type="parsed">VERN BUCHANAN of Florida</name>
                                    
              <name type="authority-fnf">Vern Buchanan</name>
                                    
              <name type="authority-lnf">Buchanan, Vern</name>
                                
        </congMember>
         <congMember bioGuideId="B001292" chamber="H" congress="118" party="D" role="COMMMEMBER" state="VA">
                                    
              <name type="parsed">DON BEYER of Virginia</name>
                                    
              <name type="authority-fnf">Donald S. Beyer, Jr.</name>
                                    
              <name type="authority-lnf">Beyer, Donald S.</name>
                                    
              <name type="authority-other">Mr. Donald Beyer Jr.</name>
                                
        </congMember>
         <congMember bioGuideId="C001080" chamber="H" congress="118" party="D" role="COMMMEMBER" state="CA">
                                    
              <name type="parsed">JUDY CHU of California</name>
                                    
              <name type="authority-fnf">Judy Chu</name>
                                    
              <name type="authority-lnf">Chu, Judy</name>
                                
        </congMember>
         <congMember bioGuideId="C001126" chamber="H" congress="118" party="R" role="COMMMEMBER" state="OH">
                                    
              <name type="parsed">MIKE CAREY of Ohio</name>
                                    
              <name type="authority-fnf">Mike Carey</name>
                                    
              <name type="authority-lnf">Carey, Mike</name>
                                
        </congMember>
         <congMember bioGuideId="D000096" chamber="H" congress="118" party="D" role="COMMMEMBER" state="IL">
                                    
              <name type="parsed">Hon. Danny Davis of Illinois</name>
                                    
              <name type="authority-fnf">Danny K. Davis</name>
                                    
              <name type="authority-lnf">Davis, Danny K.</name>
                                    
              <name type="authority-other">Mr. Danny Davis</name>
                                
        </congMember>
         <congMember bioGuideId="D000096" chamber="H" congress="118" party="D" role="COMMMEMBER" state="IL">
                                    
              <name type="parsed">DANNY DAVIS of Illinois</name>
                                    
              <name type="authority-fnf">Danny K. Davis</name>
                                    
              <name type="authority-lnf">Davis, Danny K.</name>
                                    
              <name type="authority-other">Mr. Danny Davis</name>
                                
        </congMember>
         <congMember bioGuideId="D000399" chamber="H" congress="118" party="D" role="COMMMEMBER" state="TX">
                                    
              <name type="parsed">LLOYD DOGGETT of Texas</name>
                                    
              <name type="authority-fnf">Lloyd Doggett</name>
                                    
              <name type="authority-lnf">Doggett, Lloyd</name>
                                
        </congMember>
         <congMember bioGuideId="D000617" chamber="H" congress="118" party="D" role="COMMMEMBER" state="WA">
                                    
              <name type="parsed">SUZAN DelBENE of Washington</name>
                                    
              <name type="authority-fnf">Suzan K. DelBene</name>
                                    
              <name type="authority-lnf">DelBene, Suzan K.</name>
                                    
              <name type="authority-other">Ms. Suzan Delbene</name>
                                
        </congMember>
         <congMember bioGuideId="E000296" chamber="H" congress="118" party="D" role="COMMMEMBER" state="PA">
                                    
              <name type="parsed">DWIGHT EVANS of Pennsylvania</name>
                                    
              <name type="authority-fnf">Dwight Evans</name>
                                    
              <name type="authority-lnf">Evans, Dwight</name>
                                
        </congMember>
         <congMember bioGuideId="E000298" chamber="H" congress="118" party="R" role="COMMMEMBER" state="KS">
                                    
              <name type="parsed">RON ESTES of Kansas</name>
                                    
              <name type="authority-fnf">Ron Estes</name>
                                    
              <name type="authority-lnf">Estes, Ron</name>
                                
        </congMember>
         <congMember bioGuideId="F000446" chamber="H" congress="118" party="R" role="COMMMEMBER" state="IA">
                                    
              <name type="parsed">RANDY FEENSTRA of Iowa</name>
                                    
              <name type="authority-fnf">Randy Feenstra</name>
                                    
              <name type="authority-lnf">Feenstra, Randy</name>
                                
        </congMember>
         <congMember bioGuideId="F000465" chamber="H" congress="118" party="R" role="COMMMEMBER" state="GA">
                                    
              <name type="parsed">DREW FERGUSON of Georgia</name>
                                    
              <name type="authority-fnf">A. Drew Ferguson IV</name>
                                    
              <name type="authority-lnf">Ferguson, A. Drew</name>
                                    
              <name type="authority-other">Mr. A. Drew Ferguson IV</name>
                                
        </congMember>
         <congMember bioGuideId="F000466" chamber="H" congress="118" party="R" role="COMMMEMBER" state="PA">
                                    
              <name type="parsed">BRIAN FITZPATRICK of Pennsylvania</name>
                                    
              <name type="authority-fnf">Brian K. Fitzpatrick</name>
                                    
              <name type="authority-lnf">Fitzpatrick, Brian K.</name>
                                    
              <name type="authority-other">Mr. Brian Fitzpatrick</name>
                                
        </congMember>
         <congMember bioGuideId="F000470" chamber="H" congress="118" party="R" role="COMMMEMBER" state="MN">
                                    
              <name type="parsed">MICHELLE FISCHBACH of Minnesota</name>
                                    
              <name type="authority-fnf">Michelle Fischbach</name>
                                    
              <name type="authority-lnf">Fischbach, Michelle</name>
                                
        </congMember>
         <congMember bioGuideId="H001038" chamber="H" congress="118" party="D" role="COMMMEMBER" state="NY">
                                    
              <name type="parsed">BRIAN HIGGINS of New York</name>
                                    
              <name type="authority-fnf">Brian Higgins</name>
                                    
              <name type="authority-lnf">Higgins, Brian</name>
                                
        </congMember>
         <congMember bioGuideId="H001082" chamber="H" congress="118" party="R" role="COMMMEMBER" state="OK">
                                    
              <name type="parsed">KEVIN HERN of Oklahoma</name>
                                    
              <name type="authority-fnf">Kevin Hern</name>
                                    
              <name type="authority-lnf">Hern, Kevin</name>
                                
        </congMember>
         <congMember bioGuideId="K000376" chamber="H" congress="118" party="R" role="COMMMEMBER" state="PA">
                                    
              <name type="parsed">MIKE KELLY of Pennsylvania</name>
                                    
              <name type="authority-fnf">Mike Kelly</name>
                                    
              <name type="authority-lnf">Kelly, Mike</name>
                                
        </congMember>
         <congMember bioGuideId="K000380" chamber="H" congress="118" party="D" role="COMMMEMBER" state="MI">
                                    
              <name type="parsed">DAN KILDEE of Michigan</name>
                                    
              <name type="authority-fnf">Daniel T. Kildee</name>
                                    
              <name type="authority-lnf">Kildee, Daniel T.</name>
                                    
              <name type="authority-other">Mr. Daniel Kildee</name>
                                
        </congMember>
         <congMember bioGuideId="K000392" chamber="H" congress="118" party="R" role="COMMMEMBER" state="TN">
                                    
              <name type="parsed">DAVID KUSTOFF of Tennessee</name>
                                    
              <name type="authority-fnf">David Kustoff</name>
                                    
              <name type="authority-lnf">Kustoff, David</name>
                                
        </congMember>
         <congMember bioGuideId="L000557" chamber="H" congress="118" party="D" role="COMMMEMBER" state="CT">
                                    
              <name type="parsed">JOHN B. LARSON of Connecticut</name>
                                    
              <name type="authority-fnf">John B. Larson</name>
                                    
              <name type="authority-lnf">Larson, John B.</name>
                                    
              <name type="authority-other">Mr. John Larson</name>
                                
        </congMember>
         <congMember bioGuideId="L000585" chamber="H" congress="118" party="R" role="COMMMEMBER" state="IL">
                                    
              <name type="parsed">Hon. Darin LaHood of Illinois</name>
                                    
              <name type="authority-fnf">Darin LaHood</name>
                                    
              <name type="authority-lnf">LaHood, Darin</name>
                                
        </congMember>
         <congMember bioGuideId="L000585" chamber="H" congress="118" party="R" role="COMMMEMBER" state="IL">
                                    
              <name type="parsed">DARIN LaHOOD of Illinois</name>
                                    
              <name type="authority-fnf">Darin LaHood</name>
                                    
              <name type="authority-lnf">LaHood, Darin</name>
                                
        </congMember>
         <congMember bioGuideId="M000317" chamber="H" congress="118" party="R" role="COMMMEMBER" state="NY">
                                    
              <name type="parsed">NICOLE MALLIOTAKIS of New York</name>
                                    
              <name type="authority-fnf">Nicole Malliotakis</name>
                                    
              <name type="authority-lnf">Malliotakis, Nicole</name>
                                
        </congMember>
         <congMember bioGuideId="M001160" chamber="H" congress="118" party="D" role="COMMMEMBER" state="WI">
                                    
              <name type="parsed">GWEN MOORE of Wisconsin</name>
                                    
              <name type="authority-fnf">Gwen Moore</name>
                                    
              <name type="authority-lnf">Moore, Gwen</name>
                                
        </congMember>
         <congMember bioGuideId="M001205" chamber="H" congress="118" party="R" role="COMMMEMBER" state="WV">
                                    
              <name type="parsed">CAROL MILLER of West Virginia</name>
                                    
              <name type="authority-fnf">Carol D. Miller</name>
                                    
              <name type="authority-lnf">Miller, Carol D.</name>
                                    
              <name type="authority-other">Mrs. Carol Miller</name>
                                
        </congMember>
         <congMember bioGuideId="M001210" chamber="H" congress="118" party="R" role="COMMMEMBER" state="NC">
                                    
              <name type="parsed">GREG MURPHY of North Carolina</name>
                                    
              <name type="authority-fnf">Gregory F. Murphy</name>
                                    
              <name type="authority-lnf">Murphy, Gregory F.</name>
                                    
              <name type="authority-other">Gregory Murphy</name>
                                
        </congMember>
         <congMember bioGuideId="M001213" chamber="H" congress="118" party="R" role="COMMMEMBER" state="UT">
                                    
              <name type="parsed">BLAKE MOORE of Utah</name>
                                    
              <name type="authority-fnf">Blake D. Moore</name>
                                    
              <name type="authority-lnf">Moore, Blake D.</name>
                                    
              <name type="authority-other">Mr. Blake Moore</name>
                                
        </congMember>
         <congMember bioGuideId="N000015" chamber="H" congress="118" party="D" role="COMMMEMBER" state="MA">
                                    
              <name type="parsed">RICHARD E. NEAL of Massachusetts</name>
                                    
              <name type="authority-fnf">Richard E. Neal</name>
                                    
              <name type="authority-lnf">Neal, Richard E.</name>
                                    
              <name type="authority-other">Mr. Richard Neal</name>
                                
        </congMember>
         <congMember bioGuideId="P000096" chamber="H" congress="118" party="D" role="COMMMEMBER" state="NJ">
                                    
              <name type="parsed">BILL PASCRELL, Jr. of New Jersey</name>
                                    
              <name type="authority-fnf">Bill Pascrell, Jr.</name>
                                    
              <name type="authority-lnf">Pascrell, Bill</name>
                                    
              <name type="authority-other">Mr. Bill Pascrell Jr.</name>
                                
        </congMember>
         <congMember bioGuideId="P000613" chamber="H" congress="118" party="D" role="COMMMEMBER" state="CA">
                                    
              <name type="parsed">JIMMY PANETTA of California</name>
                                    
              <name type="authority-fnf">Jimmy Panetta</name>
                                    
              <name type="authority-lnf">Panetta, Jimmy</name>
                                
        </congMember>
         <congMember bioGuideId="S001135" chamber="H" congress="118" party="R" role="COMMMEMBER" state="CA">
                                    
              <name type="parsed">MICHELLE STEEL of California</name>
                                    
              <name type="authority-fnf">Michelle Steel</name>
                                    
              <name type="authority-lnf">Steel, Michelle</name>
                                
        </congMember>
         <congMember bioGuideId="S001156" chamber="H" congress="118" party="D" role="COMMMEMBER" state="CA">
                                    
              <name type="parsed">LINDA SANCHEZ of California</name>
                                    
              <name type="authority-fnf">Linda T. Sanchez</name>
                                    
              <name type="authority-lnf">Sanchez, Linda T.</name>
                                    
              <name type="authority-other">Ms. Linda Sanchez</name>
                                
        </congMember>
         <congMember bioGuideId="S001172" chamber="H" congress="118" party="R" role="COMMMEMBER" state="NE">
                                    
              <name type="parsed">ADRIAN SMITH of Nebraska</name>
                                    
              <name type="authority-fnf">Adrian Smith</name>
                                    
              <name type="authority-lnf">Smith, Adrian</name>
                                
        </congMember>
         <congMember bioGuideId="S001183" chamber="H" congress="118" party="R" role="COMMMEMBER" state="AZ">
                                    
              <name type="parsed">DAVID SCHWEIKERT of Arizona</name>
                                    
              <name type="authority-fnf">David Schweikert</name>
                                    
              <name type="authority-lnf">Schweikert, David</name>
                                
        </congMember>
         <congMember bioGuideId="S001185" chamber="H" congress="118" party="D" role="COMMMEMBER" state="AL">
                                    
              <name type="parsed">TERRI SEWELL of Alabama</name>
                                    
              <name type="authority-fnf">Terri A. Sewell</name>
                                    
              <name type="authority-lnf">Sewell, Terri A.</name>
                                    
              <name type="authority-other">Ms. Terri Sewell</name>
                                
        </congMember>
         <congMember bioGuideId="S001190" chamber="H" congress="118" party="D" role="COMMMEMBER" state="IL">
                                    
              <name type="parsed">BRAD SCHNEIDER of Illinois</name>
                                    
              <name type="authority-fnf">Bradley Scott Schneider</name>
                                    
              <name type="authority-lnf">Schneider, Bradley Scott</name>
                                    
              <name type="authority-other">Mr. Bradley Schneider</name>
                                
        </congMember>
         <congMember bioGuideId="S001195" chamber="H" congress="118" party="R" role="COMMMEMBER" state="MO">
                                    
              <name type="parsed">JASON SMITH of Missouri</name>
                                    
              <name type="authority-fnf">Jason Smith</name>
                                    
              <name type="authority-lnf">Smith, Jason</name>
                                
        </congMember>
         <congMember bioGuideId="S001199" chamber="H" congress="118" party="R" role="COMMMEMBER" state="PA">
                                    
              <name type="parsed">LLOYD SMUCKER of Pennsylvania</name>
                                    
              <name type="authority-fnf">Lloyd Smucker</name>
                                    
              <name type="authority-lnf">Smucker, Lloyd</name>
                                
        </congMember>
         <congMember bioGuideId="S001214" chamber="H" congress="118" party="R" role="COMMMEMBER" state="FL">
                                    
              <name type="parsed">GREG STEUBE of Florida</name>
                                    
              <name type="authority-fnf">W. Gregory Steube</name>
                                    
              <name type="authority-lnf">Steube, W. Gregory</name>
                                
        </congMember>
         <congMember bioGuideId="T000460" chamber="H" congress="118" party="D" role="COMMMEMBER" state="CA">
                                    
              <name type="parsed">MIKE THOMPSON of California</name>
                                    
              <name type="authority-fnf">Mike Thompson</name>
                                    
              <name type="authority-lnf">Thompson, Mike</name>
                                
        </congMember>
         <congMember bioGuideId="T000478" chamber="H" congress="118" party="R" role="COMMMEMBER" state="NY">
                                    
              <name type="parsed">CLAUDIA TENNEY of New York</name>
                                    
              <name type="authority-fnf">Claudia Tenney</name>
                                    
              <name type="authority-lnf">Tenney, Claudia</name>
                                
        </congMember>
         <congMember bioGuideId="V000134" chamber="H" congress="118" party="R" role="COMMMEMBER" state="TX">
                                    
              <name type="parsed">BETH VAN DUYNE of Texas</name>
                                    
              <name type="authority-fnf">Beth Van Duyne</name>
                                    
              <name type="authority-lnf">Van Duyne, Beth</name>
                                
        </congMember>
         <congMember bioGuideId="W000815" chamber="H" congress="118" party="R" role="COMMMEMBER" state="OH">
                                    
              <name type="parsed">BRAD WENSTRUP of Ohio</name>
                                    
              <name type="authority-fnf">Brad R. Wenstrup</name>
                                    
              <name type="authority-lnf">Wenstrup, Brad R.</name>
                                    
              <name type="authority-other">Mr. Brad Wenstrup</name>
                                
        </congMember>
         <isNomination>false</isNomination>
         <isErrata>false</isErrata>
    </extension>
    <name type="corporate">
         <namePart>United States</namePart>
         <namePart>Congress</namePart>
         <namePart>House of Representatives</namePart>
         <namePart>Committee on Ways and Means</namePart>
         <role>
              <roleTerm authority="marcrelator" type="text">associated name</roleTerm>
              <roleTerm authority="marcrelator" type="code">asn</roleTerm>
        </role>
         <description>Government Organization</description>
    </name>
    <name type="personal">
         <namePart>Jodey C. Arrington</namePart>
         <affiliation>United States House of Representatives</affiliation>
         <role>
              <roleTerm type="text">committee member</roleTerm>
        </role>
         <description>United States Congressional Member</description>
    </name>
    <name type="personal">
         <namePart>Earl Blumenauer</namePart>
         <affiliation>United States House of Representatives</affiliation>
         <role>
              <roleTerm type="text">committee member</roleTerm>
        </role>
         <description>United States Congressional Member</description>
    </name>
    <name type="personal">
         <namePart>Vern Buchanan</namePart>
         <affiliation>United States House of Representatives</affiliation>
         <role>
              <roleTerm type="text">committee member</roleTerm>
        </role>
         <description>United States Congressional Member</description>
    </name>
    <name type="personal">
         <namePart>Donald S. Beyer, Jr.</namePart>
         <affiliation>United States House of Representatives</affiliation>
         <role>
              <roleTerm type="text">committee member</roleTerm>
        </role>
         <description>United States Congressional Member</description>
    </name>
    <name type="personal">
         <namePart>Judy Chu</namePart>
         <affiliation>United States House of Representatives</affiliation>
         <role>
              <roleTerm type="text">committee member</roleTerm>
        </role>
         <description>United States Congressional Member</description>
    </name>
    <name type="personal">
         <namePart>Mike Carey</namePart>
         <affiliation>United States House of Representatives</affiliation>
         <role>
              <roleTerm type="text">committee member</roleTerm>
        </role>
         <description>United States Congressional Member</description>
    </name>
    <name type="personal">
         <namePart>Danny K. Davis</namePart>
         <affiliation>United States House of Representatives</affiliation>
         <role>
              <roleTerm type="text">committee member</roleTerm>
        </role>
         <description>United States Congressional Member</description>
    </name>
    <name type="personal">
         <namePart>Danny K. Davis</namePart>
         <affiliation>United States House of Representatives</affiliation>
         <role>
              <roleTerm type="text">committee member</roleTerm>
        </role>
         <description>United States Congressional Member</description>
    </name>
    <name type="personal">
         <namePart>Lloyd Doggett</namePart>
         <affiliation>United States House of Representatives</affiliation>
         <role>
              <roleTerm type="text">committee member</roleTerm>
        </role>
         <description>United States Congressional Member</description>
    </name>
    <name type="personal">
         <namePart>Suzan K. DelBene</namePart>
         <affiliation>United States House of Representatives</affiliation>
         <role>
              <roleTerm type="text">committee member</roleTerm>
        </role>
         <description>United States Congressional Member</description>
    </name>
    <name type="personal">
         <namePart>Dwight Evans</namePart>
         <affiliation>United States House of Representatives</affiliation>
         <role>
              <roleTerm type="text">committee member</roleTerm>
        </role>
         <description>United States Congressional Member</description>
    </name>
    <name type="personal">
         <namePart>Ron Estes</namePart>
         <affiliation>United States House of Representatives</affiliation>
         <role>
              <roleTerm type="text">committee member</roleTerm>
        </role>
         <description>United States Congressional Member</description>
    </name>
    <name type="personal">
         <namePart>Randy Feenstra</namePart>
         <affiliation>United States House of Representatives</affiliation>
         <role>
              <roleTerm type="text">committee member</roleTerm>
        </role>
         <description>United States Congressional Member</description>
    </name>
    <name type="personal">
         <namePart>A. Drew Ferguson IV</namePart>
         <affiliation>United States House of Representatives</affiliation>
         <role>
              <roleTerm type="text">committee member</roleTerm>
        </role>
         <description>United States Congressional Member</description>
    </name>
    <name type="personal">
         <namePart>Brian K. Fitzpatrick</namePart>
         <affiliation>United States House of Representatives</affiliation>
         <role>
              <roleTerm type="text">committee member</roleTerm>
        </role>
         <description>United States Congressional Member</description>
    </name>
    <name type="personal">
         <namePart>Michelle Fischbach</namePart>
         <affiliation>United States House of Representatives</affiliation>
         <role>
              <roleTerm type="text">committee member</roleTerm>
        </role>
         <description>United States Congressional Member</description>
    </name>
    <name type="personal">
         <namePart>Brian Higgins</namePart>
         <affiliation>United States House of Representatives</affiliation>
         <role>
              <roleTerm type="text">committee member</roleTerm>
        </role>
         <description>United States Congressional Member</description>
    </name>
    <name type="personal">
         <namePart>Kevin Hern</namePart>
         <affiliation>United States House of Representatives</affiliation>
         <role>
              <roleTerm type="text">committee member</roleTerm>
        </role>
         <description>United States Congressional Member</description>
    </name>
    <name type="personal">
         <namePart>Mike Kelly</namePart>
         <affiliation>United States House of Representatives</affiliation>
         <role>
              <roleTerm type="text">committee member</roleTerm>
        </role>
         <description>United States Congressional Member</description>
    </name>
    <name type="personal">
         <namePart>Daniel T. Kildee</namePart>
         <affiliation>United States House of Representatives</affiliation>
         <role>
              <roleTerm type="text">committee member</roleTerm>
        </role>
         <description>United States Congressional Member</description>
    </name>
    <name type="personal">
         <namePart>David Kustoff</namePart>
         <affiliation>United States House of Representatives</affiliation>
         <role>
              <roleTerm type="text">committee member</roleTerm>
        </role>
         <description>United States Congressional Member</description>
    </name>
    <name type="personal">
         <namePart>John B. Larson</namePart>
         <affiliation>United States House of Representatives</affiliation>
         <role>
              <roleTerm type="text">committee member</roleTerm>
        </role>
         <description>United States Congressional Member</description>
    </name>
    <name type="personal">
         <namePart>Darin LaHood</namePart>
         <affiliation>United States House of Representatives</affiliation>
         <role>
              <roleTerm type="text">committee member</roleTerm>
        </role>
         <description>United States Congressional Member</description>
    </name>
    <name type="personal">
         <namePart>Darin LaHood</namePart>
         <affiliation>United States House of Representatives</affiliation>
         <role>
              <roleTerm type="text">committee member</roleTerm>
        </role>
         <description>United States Congressional Member</description>
    </name>
    <name type="personal">
         <namePart>Nicole Malliotakis</namePart>
         <affiliation>United States House of Representatives</affiliation>
         <role>
              <roleTerm type="text">committee member</roleTerm>
        </role>
         <description>United States Congressional Member</description>
    </name>
    <name type="personal">
         <namePart>Gwen Moore</namePart>
         <affiliation>United States House of Representatives</affiliation>
         <role>
              <roleTerm type="text">committee member</roleTerm>
        </role>
         <description>United States Congressional Member</description>
    </name>
    <name type="personal">
         <namePart>Carol D. Miller</namePart>
         <affiliation>United States House of Representatives</affiliation>
         <role>
              <roleTerm type="text">committee member</roleTerm>
        </role>
         <description>United States Congressional Member</description>
    </name>
    <name type="personal">
         <namePart>Gregory F. Murphy</namePart>
         <affiliation>United States House of Representatives</affiliation>
         <role>
              <roleTerm type="text">committee member</roleTerm>
        </role>
         <description>United States Congressional Member</description>
    </name>
    <name type="personal">
         <namePart>Blake D. Moore</namePart>
         <affiliation>United States House of Representatives</affiliation>
         <role>
              <roleTerm type="text">committee member</roleTerm>
        </role>
         <description>United States Congressional Member</description>
    </name>
    <name type="personal">
         <namePart>Richard E. Neal</namePart>
         <affiliation>United States House of Representatives</affiliation>
         <role>
              <roleTerm type="text">committee member</roleTerm>
        </role>
         <description>United States Congressional Member</description>
    </name>
    <name type="personal">
         <namePart>Bill Pascrell, Jr.</namePart>
         <affiliation>United States House of Representatives</affiliation>
         <role>
              <roleTerm type="text">committee member</roleTerm>
        </role>
         <description>United States Congressional Member</description>
    </name>
    <name type="personal">
         <namePart>Jimmy Panetta</namePart>
         <affiliation>United States House of Representatives</affiliation>
         <role>
              <roleTerm type="text">committee member</roleTerm>
        </role>
         <description>United States Congressional Member</description>
    </name>
    <name type="personal">
         <namePart>Michelle Steel</namePart>
         <affiliation>United States House of Representatives</affiliation>
         <role>
              <roleTerm type="text">committee member</roleTerm>
        </role>
         <description>United States Congressional Member</description>
    </name>
    <name type="personal">
         <namePart>Linda T. Sanchez</namePart>
         <affiliation>United States House of Representatives</affiliation>
         <role>
              <roleTerm type="text">committee member</roleTerm>
        </role>
         <description>United States Congressional Member</description>
    </name>
    <name type="personal">
         <namePart>Adrian Smith</namePart>
         <affiliation>United States House of Representatives</affiliation>
         <role>
              <roleTerm type="text">committee member</roleTerm>
        </role>
         <description>United States Congressional Member</description>
    </name>
    <name type="personal">
         <namePart>David Schweikert</namePart>
         <affiliation>United States House of Representatives</affiliation>
         <role>
              <roleTerm type="text">committee member</roleTerm>
        </role>
         <description>United States Congressional Member</description>
    </name>
    <name type="personal">
         <namePart>Terri A. Sewell</namePart>
         <affiliation>United States House of Representatives</affiliation>
         <role>
              <roleTerm type="text">committee member</roleTerm>
        </role>
         <description>United States Congressional Member</description>
    </name>
    <name type="personal">
         <namePart>Bradley Scott Schneider</namePart>
         <affiliation>United States House of Representatives</affiliation>
         <role>
              <roleTerm type="text">committee member</roleTerm>
        </role>
         <description>United States Congressional Member</description>
    </name>
    <name type="personal">
         <namePart>Jason Smith</namePart>
         <affiliation>United States House of Representatives</affiliation>
         <role>
              <roleTerm type="text">committee member</roleTerm>
        </role>
         <description>United States Congressional Member</description>
    </name>
    <name type="personal">
         <namePart>Lloyd Smucker</namePart>
         <affiliation>United States House of Representatives</affiliation>
         <role>
              <roleTerm type="text">committee member</roleTerm>
        </role>
         <description>United States Congressional Member</description>
    </name>
    <name type="personal">
         <namePart>W. Gregory Steube</namePart>
         <affiliation>United States House of Representatives</affiliation>
         <role>
              <roleTerm type="text">committee member</roleTerm>
        </role>
         <description>United States Congressional Member</description>
    </name>
    <name type="personal">
         <namePart>Mike Thompson</namePart>
         <affiliation>United States House of Representatives</affiliation>
         <role>
              <roleTerm type="text">committee member</roleTerm>
        </role>
         <description>United States Congressional Member</description>
    </name>
    <name type="personal">
         <namePart>Claudia Tenney</namePart>
         <affiliation>United States House of Representatives</affiliation>
         <role>
              <roleTerm type="text">committee member</roleTerm>
        </role>
         <description>United States Congressional Member</description>
    </name>
    <name type="personal">
         <namePart>Beth Van Duyne</namePart>
         <affiliation>United States House of Representatives</affiliation>
         <role>
              <roleTerm type="text">committee member</roleTerm>
        </role>
         <description>United States Congressional Member</description>
    </name>
    <name type="personal">
         <namePart>Brad R. Wenstrup</namePart>
         <affiliation>United States House of Representatives</affiliation>
         <role>
              <roleTerm type="text">committee member</roleTerm>
        </role>
         <description>United States Congressional Member</description>
    </name>
    <name type="personal">
         <namePart>Kevin Corinth, Senior Fellow and Deputy Director of the Center on Opportunity and Social Mobility, American Enterprise Institute</namePart>
         <role>
              <roleTerm authority="marcrelator" type="text">witness</roleTerm>
              <roleTerm authority="marcrelator" type="code">wit</roleTerm>
        </role>
         <description>Hearing Witness</description>
    </name>
    <name type="personal">
         <namePart>Douglas Besharov, Professor, University of Maryland School of Public Policy</namePart>
         <role>
              <roleTerm authority="marcrelator" type="text">witness</roleTerm>
              <roleTerm authority="marcrelator" type="code">wit</roleTerm>
        </role>
         <description>Hearing Witness</description>
    </name>
    <name type="personal">
         <namePart>Bruce D. Meyer, McCormick Foundation Professor of Public Policy, University of Chicago</namePart>
         <role>
              <roleTerm authority="marcrelator" type="text">witness</roleTerm>
              <roleTerm authority="marcrelator" type="code">wit</roleTerm>
        </role>
         <description>Hearing Witness</description>
    </name>
    <name type="personal">
         <namePart>David Hansen, Director of Educational Opportunities and Investments, Perry County Ohio Job and Family Services</namePart>
         <role>
              <roleTerm authority="marcrelator" type="text">witness</roleTerm>
              <roleTerm authority="marcrelator" type="code">wit</roleTerm>
        </role>
         <description>Hearing Witness</description>
    </name>
    <name type="personal">
         <namePart>Elaine Maag, Senior Fellow, Urban-Brookings Tax Policy Center</namePart>
         <role>
              <roleTerm authority="marcrelator" type="text">witness</roleTerm>
              <roleTerm authority="marcrelator" type="code">wit</roleTerm>
        </role>
         <description>Hearing Witness</description>
    </name>
    <relatedItem type="isReferencedBy">
         <identifier type="Jacket citation"></identifier>
    </relatedItem>
    <relatedItem type="isReferencedBy">
         <titleInfo>
              <title>United States Congress Serial Number WW04 (118th Congress)</title>
        </titleInfo>
         <identifier type="congressional serial number">Serial No. 118-WW04</identifier>
    </relatedItem>
</mods>