<mods xmlns:xlink="http://www.w3.org/1999/xlink" xmlns:exslt="http://exslt.org/common" xmlns:xsi="http://www.w3.org/2001/XMLSchema-instance" xmlns="http://www.loc.gov/mods/v3" version="3.3" xsi:schemaLocation="http://www.loc.gov/mods/v3 http://www.loc.gov/standards/mods/v3/mods-3-3.xsd" ID="P0b002ee1cfe3ce8f">
    <name type="corporate">
         <namePart>United States Government Publishing Office</namePart>
         <role>
              <roleTerm authority="marcrelator" type="text">publisher</roleTerm>
              <roleTerm authority="marcrelator" type="code">pbl</roleTerm>
        </role>
         <role>
              <roleTerm authority="marcrelator" type="text">distributor</roleTerm>
              <roleTerm authority="marcrelator" type="code">dst</roleTerm>
        </role>
    </name>
    <name type="corporate">
         <namePart>United States</namePart>
         <namePart>Congress</namePart>
         <namePart>House of Representatives</namePart>
         <role>
              <roleTerm authority="marcrelator" type="text">author</roleTerm>
              <roleTerm authority="marcrelator" type="code">aut</roleTerm>
        </role>
         <description>Government Organization</description>
    </name>
    <typeOfResource>text</typeOfResource>
    <genre authority="marcgt">government publication</genre>
    <language>
         <languageTerm type="code" authority="iso639-2b">eng</languageTerm>
    </language>
    <extension>
         <collectionCode>CHRG</collectionCode>
         <category>Congressional Committee Materials</category>
         <waisDatabaseName>2025_happ</waisDatabaseName>
         <branch>legislative</branch>
         <dateIngested>2025-02-13</dateIngested>
    </extension>
    <titleInfo>
         <title>DEPARTMENT OF THE INTERIOR, ENVIRONMENT, AND RELATED AGENCIES APPROPRIATIONS FOR 2025</title>
    </titleInfo>
    <titleInfo type="alternative"></titleInfo>
    <location>
         <url displayLabel="Content Detail" access="object in context">https://www.govinfo.gov/app/details/CHRG-118hhrg58049</url>
         <url displayLabel="HTML rendition" access="raw object">https://www.govinfo.gov/content/pkg/CHRG-118hhrg58049/html/CHRG-118hhrg58049.htm</url>
         <url displayLabel="PDF rendition" access="raw object">https://www.govinfo.gov/content/pkg/CHRG-118hhrg58049/pdf/CHRG-118hhrg58049.pdf</url>
    </location>
    <originInfo>
         <publisher>U.S. Government Publishing Office</publisher>
         <dateIssued encoding="w3cdtf">2024-05-07</dateIssued>
         <issuance>monographic</issuance>
    </originInfo>
    <physicalDescription>
         <note type="source content type">deposited</note>
         <digitalOrigin>born digital</digitalOrigin>
         <extent>379 digital object pages</extent>
    </physicalDescription>
    <classification authority="sudocs">Y 4.AP 6/1:</classification>
    <identifier type="uri">https://www.govinfo.gov/app/details/CHRG-118hhrg58049</identifier>
    <identifier type="local">P0b002ee1cfe3ce8f</identifier>
    <identifier type="ILS system id">001446777</identifier>
    <identifier type="former package identifier">f:58049.txt</identifier>
    <recordInfo>
         <recordContentSource authority="marcorg">DGPO</recordContentSource>
         <recordCreationDate encoding="w3cdtf">2025-02-13</recordCreationDate>
         <recordChangeDate encoding="w3cdtf">2025-02-13</recordChangeDate>
         <recordIdentifier source="DGPO">CHRG-118hhrg58049</recordIdentifier>
         <recordOrigin>machine generated</recordOrigin>
         <languageOfCataloging>
              <languageTerm type="code" authority="iso639-2b">eng</languageTerm>
        </languageOfCataloging>
    </recordInfo>
    <accessCondition type="GPO scope determination">fdlp</accessCondition>
    <extension>
         <docClass>HHRG</docClass>
         <accessId>CHRG-118hhrg58049</accessId>
         <type>AP</type>
         <chamber>HOUSE</chamber>
         <congress years="2023-2024">118</congress>
         <session>2</session>
         <heldDate>2024-05-07</heldDate>
    </extension>
    <extension>
         <searchTitle>DEPARTMENT OF THE INTERIOR, ENVIRONMENT, AND RELATED AGENCIES APPROPRIATIONS FOR 2025</searchTitle>
         <granuleClass>OTHERPART</granuleClass>
         <accessId>CHRG-118hhrg58049</accessId>
         <heading>Part 3</heading>
         <partNumber>3</partNumber>
         <fiscalyear>2025</fiscalyear>
         <graphicsInPDF>true</graphicsInPDF>
         <isAppropriation>true</isAppropriation>
         <jacketId>58-049</jacketId>
         <congCommittee authorityId="hsap00" chamber="H" congress="118" type="S">
                                    
              <name type="authority-standard">Committee on Appropriations</name>
                                    
              <name type="authority-short">Appropriations</name>
                                    
              <subCommittee>
                                            
                   <name type="parsed">Subcommittee on Interior, Environment, and</name>
                                        
            </subCommittee>
                                
        </congCommittee>
         <congMember bioGuideId="A000055" chamber="H" congress="118" party="R" role="COMMMEMBER" state="AL">
                                    
              <name type="parsed">ROBERT B. ADERHOLT of Alabama</name>
                                    
              <name type="authority-fnf">Robert B. Aderholt</name>
                                    
              <name type="authority-lnf">Aderholt, Robert B.</name>
                                    
              <name type="authority-other">Mr. Robert Aderholt</name>
                                
        </congMember>
         <congMember bioGuideId="A000369" chamber="H" congress="118" party="R" role="COMMMEMBER" state="NV">
                                    
              <name type="parsed">MARK E. AMODEI of Nevada</name>
                                    
              <name type="authority-fnf">Mark E. Amodei</name>
                                    
              <name type="authority-lnf">Amodei, Mark E.</name>
                                    
              <name type="authority-other">Mr. Mark Amodei</name>
                                
        </congMember>
         <congMember bioGuideId="A000371" chamber="H" congress="118" party="D" role="COMMMEMBER" state="CA">
                                    
              <name type="parsed">PETE AGUILAR of California</name>
                                    
              <name type="authority-fnf">Pete Aguilar</name>
                                    
              <name type="authority-lnf">Aguilar, Pete</name>
                                
        </congMember>
         <congMember bioGuideId="B000490" chamber="H" congress="118" party="D" role="COMMMEMBER" state="GA">
                                    
              <name type="parsed">SANFORD D. BISHOP, Jr. of Georgia</name>
                                    
              <name type="authority-fnf">Sanford D. Bishop, Jr.</name>
                                    
              <name type="authority-lnf">Bishop, Sanford D.</name>
                                    
              <name type="authority-other">Mr. Sanford Bishop Jr.</name>
                                
        </congMember>
         <congMember bioGuideId="B000740" chamber="H" congress="118" party="R" role="COMMMEMBER" state="OK">
                                    
              <name type="parsed">STEPHANIE I. BICE of Oklahoma</name>
                                    
              <name type="authority-fnf">Stephanie I. Bice</name>
                                    
              <name type="authority-lnf">Bice, Stephanie I.</name>
                                    
              <name type="authority-other">Mrs. Stephanie Bice</name>
                                
        </congMember>
         <congMember bioGuideId="C000059" chamber="H" congress="118" party="R" role="COMMMEMBER" state="CA">
                                    
              <name type="parsed">KEN CALVERT of California</name>
                                    
              <name type="authority-fnf">Ken Calvert</name>
                                    
              <name type="authority-lnf">Calvert, Ken</name>
                                
        </congMember>
         <congMember bioGuideId="C001051" chamber="H" congress="118" party="R" role="COMMMEMBER" state="TX">
                                    
              <name type="parsed">JOHN R. CARTER of Texas</name>
                                    
              <name type="authority-fnf">John R. Carter</name>
                                    
              <name type="authority-lnf">Carter, John R.</name>
                                    
              <name type="authority-other">Mr. John Carter</name>
                                
        </congMember>
         <congMember bioGuideId="C001053" chamber="H" congress="118" party="R" role="COMMMEMBER" state="OK">
                                    
              <name type="parsed">TOM COLE of Oklahoma</name>
                                    
              <name type="authority-fnf">Tom Cole</name>
                                    
              <name type="authority-lnf">Cole, Tom</name>
                                
        </congMember>
         <congMember bioGuideId="C001054" chamber="H" congress="118" party="R" role="COMMMEMBER" state="AL">
                                    
              <name type="parsed">JERRY L. CARL of Alabama</name>
                                    
              <name type="authority-fnf">Jerry L. Carl</name>
                                    
              <name type="authority-lnf">Carl, Jerry L.</name>
                                    
              <name type="authority-other">Mr. Jerry Carl</name>
                                
        </congMember>
         <congMember bioGuideId="C001055" chamber="H" congress="118" party="D" role="COMMMEMBER" state="HI">
                                    
              <name type="parsed">ED CASE of Hawaii</name>
                                    
              <name type="authority-fnf">Ed Case</name>
                                    
              <name type="authority-lnf">Case, Ed</name>
                                
        </congMember>
         <congMember bioGuideId="C001063" chamber="H" congress="118" party="D" role="COMMMEMBER" state="TX">
                                    
              <name type="parsed">HENRY CUELLAR of Texas</name>
                                    
              <name type="authority-fnf">Henry Cuellar</name>
                                    
              <name type="authority-lnf">Cuellar, Henry</name>
                                
        </congMember>
         <congMember bioGuideId="C001090" chamber="H" congress="118" party="D" role="COMMMEMBER" state="PA">
                                    
              <name type="parsed">MATT CARTWRIGHT of Pennsylvania</name>
                                    
              <name type="authority-fnf">Matt Cartwright</name>
                                    
              <name type="authority-lnf">Cartwright, Matt</name>
                                
        </congMember>
         <congMember bioGuideId="C001115" chamber="H" congress="118" party="R" role="COMMMEMBER" state="TX">
                                    
              <name type="parsed">MICHAEL CLOUD of Texas</name>
                                    
              <name type="authority-fnf">Michael Cloud</name>
                                    
              <name type="authority-lnf">Cloud, Michael</name>
                                
        </congMember>
         <congMember bioGuideId="C001116" chamber="H" congress="118" party="R" role="COMMMEMBER" state="GA">
                                    
              <name type="parsed">ANDREW S. CLYDE of Georgia</name>
                                    
              <name type="authority-fnf">Andrew S. Clyde</name>
                                    
              <name type="authority-lnf">Clyde, Andrew S.</name>
                                    
              <name type="authority-other">Mr. Andrew Clyde</name>
                                
        </congMember>
         <congMember bioGuideId="C001118" chamber="H" congress="118" party="R" role="COMMMEMBER" state="VA">
                                    
              <name type="parsed">BEN CLINE of Virginia</name>
                                    
              <name type="authority-fnf">Ben Cline</name>
                                    
              <name type="authority-lnf">Cline, Ben</name>
                                
        </congMember>
         <congMember bioGuideId="C001133" chamber="H" congress="118" party="R" role="COMMMEMBER" state="AZ">
                                    
              <name type="parsed">JUAN CISCOMANI of Arizona</name>
                                    
              <name type="authority-fnf">Juan Ciscomani</name>
                                    
              <name type="authority-lnf">Ciscomani, Juan</name>
                                
        </congMember>
         <congMember bioGuideId="D000216" chamber="H" congress="118" party="D" role="COMMMEMBER" state="CT">
                                    
              <name type="parsed">ROSA L. DeLAURO of Connecticut</name>
                                    
              <name type="authority-fnf">Rosa L. DeLauro</name>
                                    
              <name type="authority-lnf">DeLauro, Rosa L.</name>
                                    
              <name type="authority-other">Ms. Rosa Delauro</name>
                                
        </congMember>
         <congMember bioGuideId="D000600" chamber="H" congress="118" party="R" role="COMMMEMBER" state="FL">
                                    
              <name type="parsed">MARIO DIAZ-BALART of Florida</name>
                                    
              <name type="authority-fnf">Mario Diaz-Balart</name>
                                    
              <name type="authority-lnf">Diaz-Balart, Mario</name>
                                
        </congMember>
         <congMember bioGuideId="E000071" chamber="H" congress="118" party="R" role="COMMMEMBER" state="TX">
                                    
              <name type="parsed">JAKE ELLZEY of Texas</name>
                                    
              <name type="authority-fnf">Jake Ellzey</name>
                                    
              <name type="authority-lnf">Ellzey, Jake</name>
                                
        </congMember>
         <congMember bioGuideId="E000246" chamber="H" congress="118" party="R" role="COMMMEMBER" state="NC">
                                    
              <name type="parsed">CHUCK EDWARDS of North Carolina</name>
                                    
              <name type="authority-fnf">Chuck Edwards</name>
                                    
              <name type="authority-lnf">Edwards, Chuck</name>
                                
        </congMember>
         <congMember bioGuideId="E000297" chamber="H" congress="118" party="D" role="COMMMEMBER" state="NY">
                                    
              <name type="parsed">ADRIANO ESPAILLAT of New York</name>
                                    
              <name type="authority-fnf">Adriano Espaillat</name>
                                    
              <name type="authority-lnf">Espaillat, Adriano</name>
                                
        </congMember>
         <congMember bioGuideId="F000462" chamber="H" congress="118" party="D" role="COMMMEMBER" state="FL">
                                    
              <name type="parsed">LOIS FRANKEL of Florida</name>
                                    
              <name type="authority-fnf">Lois Frankel</name>
                                    
              <name type="authority-lnf">Frankel, Lois</name>
                                
        </congMember>
         <congMember bioGuideId="F000472" chamber="H" congress="118" party="R" role="COMMMEMBER" state="FL">
                                    
              <name type="parsed">SCOTT FRANKLIN of Florida</name>
                                    
              <name type="authority-fnf">Scott Franklin</name>
                                    
              <name type="authority-lnf">Franklin, Scott</name>
                                
        </congMember>
         <congMember bioGuideId="G000061" chamber="H" congress="118" party="R" role="COMMMEMBER" state="CA">
                                    
              <name type="parsed">MIKE GARCIA of California</name>
                                    
              <name type="authority-fnf">Mike Garcia</name>
                                    
              <name type="authority-lnf">Garcia, Mike</name>
                                
        </congMember>
         <congMember bioGuideId="G000377" chamber="H" congress="118" party="R" role="COMMMEMBER" state="TX">
                                    
              <name type="parsed">KAY GRANGER of Texas</name>
                                    
              <name type="authority-fnf">Kay Granger</name>
                                    
              <name type="authority-lnf">Granger, Kay</name>
                                
        </congMember>
         <congMember bioGuideId="G000591" chamber="H" congress="118" party="R" role="COMMMEMBER" state="MS">
                                    
              <name type="parsed">MICHAEL GUEST of Mississippi</name>
                                    
              <name type="authority-fnf">Michael Guest</name>
                                    
              <name type="authority-lnf">Guest, Michael</name>
                                
        </congMember>
         <congMember bioGuideId="G000594" chamber="H" congress="118" party="R" role="COMMMEMBER" state="TX">
                                    
              <name type="parsed">TONY GONZALES of Texas</name>
                                    
              <name type="authority-fnf">Tony Gonzales</name>
                                    
              <name type="authority-lnf">Gonzales, Tony</name>
                                
        </congMember>
         <congMember bioGuideId="H000874" chamber="H" congress="118" party="D" role="COMMMEMBER" state="MD">
                                    
              <name type="parsed">STENY H. HOYER of Maryland</name>
                                    
              <name type="authority-fnf">Steny H. Hoyer</name>
                                    
              <name type="authority-lnf">Hoyer, Steny H.</name>
                                    
              <name type="authority-other">Mr. Steny Hoyer</name>
                                
        </congMember>
         <congMember bioGuideId="H001052" chamber="H" congress="118" party="R" role="COMMMEMBER" state="MD">
                                    
              <name type="parsed">ANDY HARRIS of Maryland</name>
                                    
              <name type="authority-fnf">Andy Harris</name>
                                    
              <name type="authority-lnf">Harris, Andy</name>
                                
        </congMember>
         <congMember bioGuideId="H001091" chamber="H" congress="118" party="R" role="COMMMEMBER" state="IA">
                                    
              <name type="parsed">ASHLEY HINSON of Iowa</name>
                                    
              <name type="authority-fnf">Ashley Hinson</name>
                                    
              <name type="authority-lnf">Hinson, Ashley</name>
                                
        </congMember>
         <congMember bioGuideId="J000295" chamber="H" congress="118" party="R" role="COMMMEMBER" state="OH">
                                    
              <name type="parsed">DAVID P. JOYCE of Ohio</name>
                                    
              <name type="authority-fnf">David P. Joyce</name>
                                    
              <name type="authority-lnf">Joyce, David P.</name>
                                    
              <name type="authority-other">Mr. David Joyce</name>
                                
        </congMember>
         <congMember bioGuideId="K000009" chamber="H" congress="118" party="D" role="COMMMEMBER" state="OH">
                                    
              <name type="parsed">MARCY KAPTUR of Ohio</name>
                                    
              <name type="authority-fnf">Marcy Kaptur</name>
                                    
              <name type="authority-lnf">Kaptur, Marcy</name>
                                
        </congMember>
         <congMember bioGuideId="K000381" chamber="H" congress="118" party="D" role="COMMMEMBER" state="WA">
                                    
              <name type="parsed">DEREK KILMER of Washington</name>
                                    
              <name type="authority-fnf">Derek Kilmer</name>
                                    
              <name type="authority-lnf">Kilmer, Derek</name>
                                
        </congMember>
         <congMember bioGuideId="L000266" chamber="H" congress="118" party="R" role="COMMMEMBER" state="KS">
                                    
              <name type="parsed">JAKE LaTURNER of Kansas</name>
                                    
              <name type="authority-fnf">Jake LaTurner</name>
                                    
              <name type="authority-lnf">LaTurner, Jake</name>
                                
        </congMember>
         <congMember bioGuideId="L000551" chamber="H" congress="118" party="D" role="COMMMEMBER" state="CA">
                                    
              <name type="parsed">BARBARA LEE of California</name>
                                    
              <name type="authority-fnf">Barbara Lee</name>
                                    
              <name type="authority-lnf">Lee, Barbara</name>
                                
        </congMember>
         <congMember bioGuideId="L000595" chamber="H" congress="118" party="R" role="COMMMEMBER" state="LA">
                                    
              <name type="parsed">JULIA LETLOW of Louisiana</name>
                                    
              <name type="authority-fnf">Julia Letlow</name>
                                    
              <name type="authority-lnf">Letlow, Julia</name>
                                
        </congMember>
         <congMember bioGuideId="M001143" chamber="H" congress="118" party="D" role="COMMMEMBER" state="MN">
                                    
              <name type="parsed">BETTY McCOLLUM of Minnesota</name>
                                    
              <name type="authority-fnf">Betty McCollum</name>
                                    
              <name type="authority-lnf">McCollum, Betty</name>
                                
        </congMember>
         <congMember bioGuideId="M001188" chamber="H" congress="118" party="D" role="COMMMEMBER" state="NY">
                                    
              <name type="parsed">GRACE MENG of New York</name>
                                    
              <name type="authority-fnf">Grace Meng</name>
                                    
              <name type="authority-lnf">Meng, Grace</name>
                                
        </congMember>
         <congMember bioGuideId="M001194" chamber="H" congress="118" party="R" role="COMMMEMBER" state="MI">
                                    
              <name type="parsed">JOHN R. MOOLENAAR of Michigan</name>
                                    
              <name type="authority-fnf">John R. Moolenaar</name>
                                    
              <name type="authority-lnf">Moolenaar, John R.</name>
                                    
              <name type="authority-other">Mr. John Moolenaar</name>
                                
        </congMember>
         <congMember bioGuideId="N000189" chamber="H" congress="118" party="R" role="COMMMEMBER" state="WA">
                                    
              <name type="parsed">DAN NEWHOUSE of Washington</name>
                                    
              <name type="authority-fnf">Dan Newhouse</name>
                                    
              <name type="authority-lnf">Newhouse, Dan</name>
                                
        </congMember>
         <congMember bioGuideId="P000597" chamber="H" congress="118" party="D" role="COMMMEMBER" state="ME">
                                    
              <name type="parsed">CHELLIE PINGREE of Maine</name>
                                    
              <name type="authority-fnf">Chellie Pingree</name>
                                    
              <name type="authority-lnf">Pingree, Chellie</name>
                                
        </congMember>
         <congMember bioGuideId="P000607" chamber="H" congress="118" party="D" role="COMMMEMBER" state="WI">
                                    
              <name type="parsed">MARK POCAN of Wisconsin</name>
                                    
              <name type="authority-fnf">Mark Pocan</name>
                                    
              <name type="authority-lnf">Pocan, Mark</name>
                                
        </congMember>
         <congMember bioGuideId="Q000023" chamber="H" congress="118" party="D" role="COMMMEMBER" state="IL">
                                    
              <name type="parsed">MIKE QUIGLEY of Illinois</name>
                                    
              <name type="authority-fnf">Mike Quigley</name>
                                    
              <name type="authority-lnf">Quigley, Mike</name>
                                
        </congMember>
         <congMember bioGuideId="R000395" chamber="H" congress="118" party="R" role="COMMMEMBER" state="KY">
                                    
              <name type="parsed">HAROLD ROGERS of Kentucky</name>
                                    
              <name type="authority-fnf">Harold Rogers</name>
                                    
              <name type="authority-lnf">Rogers, Harold</name>
                                
        </congMember>
         <congMember bioGuideId="R000609" chamber="H" congress="118" party="R" role="COMMMEMBER" state="FL">
                                    
              <name type="parsed">JOHN H. RUTHERFORD of Florida</name>
                                    
              <name type="authority-fnf">John H. Rutherford</name>
                                    
              <name type="authority-lnf">Rutherford, John H.</name>
                                    
              <name type="authority-other">Mr. John Rutherford</name>
                                
        </congMember>
         <congMember bioGuideId="R000610" chamber="H" congress="118" party="R" role="COMMMEMBER" state="PA">
                                    
              <name type="parsed">GUY RESCHENTHALER of Pennsylvania</name>
                                    
              <name type="authority-fnf">Guy Reschenthaler</name>
                                    
              <name type="authority-lnf">Reschenthaler, Guy</name>
                                
        </congMember>
         <congMember bioGuideId="S001148" chamber="H" congress="118" party="R" role="COMMMEMBER" state="ID">
                                    
              <name type="parsed">MICHAEL K. SIMPSON of Idaho</name>
                                    
              <name type="authority-fnf">Michael K. Simpson</name>
                                    
              <name type="authority-lnf">Simpson, Michael K.</name>
                                    
              <name type="authority-other">Mr. Michael Simpson</name>
                                
        </congMember>
         <congMember bioGuideId="T000474" chamber="H" congress="118" party="D" role="COMMMEMBER" state="CA">
                                    
              <name type="parsed">NORMA J. TORRES of California</name>
                                    
              <name type="authority-fnf">Norma J. Torres</name>
                                    
              <name type="authority-lnf">Torres, Norma J.</name>
                                    
              <name type="authority-other">Mrs. Norma Torres</name>
                                
        </congMember>
         <congMember bioGuideId="V000129" chamber="H" congress="118" party="R" role="COMMMEMBER" state="CA">
                                    
              <name type="parsed">DAVID G. VALADAO of California</name>
                                    
              <name type="authority-fnf">David G. Valadao</name>
                                    
              <name type="authority-lnf">Valadao, David G.</name>
                                    
              <name type="authority-other">Mr. David Valadao</name>
                                
        </congMember>
         <congMember bioGuideId="W000797" chamber="H" congress="118" party="D" role="COMMMEMBER" state="FL">
                                    
              <name type="parsed">DEBBIE WASSERMAN SCHULTZ of Florida</name>
                                    
              <name type="authority-fnf">Debbie Wasserman Schultz</name>
                                    
              <name type="authority-lnf">Wasserman Schultz, Debbie</name>
                                
        </congMember>
         <congMember bioGuideId="W000809" chamber="H" congress="118" party="R" role="COMMMEMBER" state="AR">
                                    
              <name type="parsed">STEVE WOMACK of Arkansas</name>
                                    
              <name type="authority-fnf">Steve Womack</name>
                                    
              <name type="authority-lnf">Womack, Steve</name>
                                
        </congMember>
         <congMember bioGuideId="W000822" chamber="H" congress="118" party="D" role="COMMMEMBER" state="NJ">
                                    
              <name type="parsed">BONNIE WATSON COLEMAN of New Jersey</name>
                                    
              <name type="authority-fnf">Bonnie Watson Coleman</name>
                                    
              <name type="authority-lnf">Watson Coleman, Bonnie</name>
                                
        </congMember>
         <congMember bioGuideId="Z000018" chamber="H" congress="118" party="R" role="COMMMEMBER" state="MT">
                                    
              <name type="parsed">RYAN K. ZINKE of Montana</name>
                                    
              <name type="authority-fnf">Ryan K. Zinke</name>
                                    
              <name type="authority-lnf">Zinke, Ryan K.</name>
                                    
              <name type="authority-other">Mr. Ryan Zinke</name>
                                
        </congMember>
         <law congress="93" isPrivate="false" number="638"></law>
         <law congress="106" isPrivate="false" number="382"></law>
         <law congress="115" isPrivate="false" number="121"></law>
         <bill congress="118" context="BODY" number="306" type="S"></bill>
         <bill congress="118" context="BODY" number="4524" type="HR"></bill>
         <isNomination>false</isNomination>
         <isErrata>false</isErrata>
    </extension>
    <name type="corporate">
         <namePart>United States</namePart>
         <namePart>Congress</namePart>
         <namePart>House of Representatives</namePart>
         <namePart>Committee on Appropriations</namePart>
         <role>
              <roleTerm authority="marcrelator" type="text">associated name</roleTerm>
              <roleTerm authority="marcrelator" type="code">asn</roleTerm>
        </role>
         <description>Government Organization</description>
    </name>
    <name type="personal">
         <namePart>Robert B. Aderholt</namePart>
         <affiliation>United States House of Representatives</affiliation>
         <role>
              <roleTerm type="text">committee member</roleTerm>
        </role>
         <description>United States Congressional Member</description>
    </name>
    <name type="personal">
         <namePart>Mark E. Amodei</namePart>
         <affiliation>United States House of Representatives</affiliation>
         <role>
              <roleTerm type="text">committee member</roleTerm>
        </role>
         <description>United States Congressional Member</description>
    </name>
    <name type="personal">
         <namePart>Pete Aguilar</namePart>
         <affiliation>United States House of Representatives</affiliation>
         <role>
              <roleTerm type="text">committee member</roleTerm>
        </role>
         <description>United States Congressional Member</description>
    </name>
    <name type="personal">
         <namePart>Sanford D. Bishop, Jr.</namePart>
         <affiliation>United States House of Representatives</affiliation>
         <role>
              <roleTerm type="text">committee member</roleTerm>
        </role>
         <description>United States Congressional Member</description>
    </name>
    <name type="personal">
         <namePart>Stephanie I. Bice</namePart>
         <affiliation>United States House of Representatives</affiliation>
         <role>
              <roleTerm type="text">committee member</roleTerm>
        </role>
         <description>United States Congressional Member</description>
    </name>
    <name type="personal">
         <namePart>Ken Calvert</namePart>
         <affiliation>United States House of Representatives</affiliation>
         <role>
              <roleTerm type="text">committee member</roleTerm>
        </role>
         <description>United States Congressional Member</description>
    </name>
    <name type="personal">
         <namePart>John R. Carter</namePart>
         <affiliation>United States House of Representatives</affiliation>
         <role>
              <roleTerm type="text">committee member</roleTerm>
        </role>
         <description>United States Congressional Member</description>
    </name>
    <name type="personal">
         <namePart>Tom Cole</namePart>
         <affiliation>United States House of Representatives</affiliation>
         <role>
              <roleTerm type="text">committee member</roleTerm>
        </role>
         <description>United States Congressional Member</description>
    </name>
    <name type="personal">
         <namePart>Jerry L. Carl</namePart>
         <affiliation>United States House of Representatives</affiliation>
         <role>
              <roleTerm type="text">committee member</roleTerm>
        </role>
         <description>United States Congressional Member</description>
    </name>
    <name type="personal">
         <namePart>Ed Case</namePart>
         <affiliation>United States House of Representatives</affiliation>
         <role>
              <roleTerm type="text">committee member</roleTerm>
        </role>
         <description>United States Congressional Member</description>
    </name>
    <name type="personal">
         <namePart>Henry Cuellar</namePart>
         <affiliation>United States House of Representatives</affiliation>
         <role>
              <roleTerm type="text">committee member</roleTerm>
        </role>
         <description>United States Congressional Member</description>
    </name>
    <name type="personal">
         <namePart>Matt Cartwright</namePart>
         <affiliation>United States House of Representatives</affiliation>
         <role>
              <roleTerm type="text">committee member</roleTerm>
        </role>
         <description>United States Congressional Member</description>
    </name>
    <name type="personal">
         <namePart>Michael Cloud</namePart>
         <affiliation>United States House of Representatives</affiliation>
         <role>
              <roleTerm type="text">committee member</roleTerm>
        </role>
         <description>United States Congressional Member</description>
    </name>
    <name type="personal">
         <namePart>Andrew S. Clyde</namePart>
         <affiliation>United States House of Representatives</affiliation>
         <role>
              <roleTerm type="text">committee member</roleTerm>
        </role>
         <description>United States Congressional Member</description>
    </name>
    <name type="personal">
         <namePart>Ben Cline</namePart>
         <affiliation>United States House of Representatives</affiliation>
         <role>
              <roleTerm type="text">committee member</roleTerm>
        </role>
         <description>United States Congressional Member</description>
    </name>
    <name type="personal">
         <namePart>Juan Ciscomani</namePart>
         <affiliation>United States House of Representatives</affiliation>
         <role>
              <roleTerm type="text">committee member</roleTerm>
        </role>
         <description>United States Congressional Member</description>
    </name>
    <name type="personal">
         <namePart>Rosa L. DeLauro</namePart>
         <affiliation>United States House of Representatives</affiliation>
         <role>
              <roleTerm type="text">committee member</roleTerm>
        </role>
         <description>United States Congressional Member</description>
    </name>
    <name type="personal">
         <namePart>Mario Diaz-Balart</namePart>
         <affiliation>United States House of Representatives</affiliation>
         <role>
              <roleTerm type="text">committee member</roleTerm>
        </role>
         <description>United States Congressional Member</description>
    </name>
    <name type="personal">
         <namePart>Jake Ellzey</namePart>
         <affiliation>United States House of Representatives</affiliation>
         <role>
              <roleTerm type="text">committee member</roleTerm>
        </role>
         <description>United States Congressional Member</description>
    </name>
    <name type="personal">
         <namePart>Chuck Edwards</namePart>
         <affiliation>United States House of Representatives</affiliation>
         <role>
              <roleTerm type="text">committee member</roleTerm>
        </role>
         <description>United States Congressional Member</description>
    </name>
    <name type="personal">
         <namePart>Adriano Espaillat</namePart>
         <affiliation>United States House of Representatives</affiliation>
         <role>
              <roleTerm type="text">committee member</roleTerm>
        </role>
         <description>United States Congressional Member</description>
    </name>
    <name type="personal">
         <namePart>Lois Frankel</namePart>
         <affiliation>United States House of Representatives</affiliation>
         <role>
              <roleTerm type="text">committee member</roleTerm>
        </role>
         <description>United States Congressional Member</description>
    </name>
    <name type="personal">
         <namePart>Scott Franklin</namePart>
         <affiliation>United States House of Representatives</affiliation>
         <role>
              <roleTerm type="text">committee member</roleTerm>
        </role>
         <description>United States Congressional Member</description>
    </name>
    <name type="personal">
         <namePart>Mike Garcia</namePart>
         <affiliation>United States House of Representatives</affiliation>
         <role>
              <roleTerm type="text">committee member</roleTerm>
        </role>
         <description>United States Congressional Member</description>
    </name>
    <name type="personal">
         <namePart>Kay Granger</namePart>
         <affiliation>United States House of Representatives</affiliation>
         <role>
              <roleTerm type="text">committee member</roleTerm>
        </role>
         <description>United States Congressional Member</description>
    </name>
    <name type="personal">
         <namePart>Michael Guest</namePart>
         <affiliation>United States House of Representatives</affiliation>
         <role>
              <roleTerm type="text">committee member</roleTerm>
        </role>
         <description>United States Congressional Member</description>
    </name>
    <name type="personal">
         <namePart>Tony Gonzales</namePart>
         <affiliation>United States House of Representatives</affiliation>
         <role>
              <roleTerm type="text">committee member</roleTerm>
        </role>
         <description>United States Congressional Member</description>
    </name>
    <name type="personal">
         <namePart>Steny H. Hoyer</namePart>
         <affiliation>United States House of Representatives</affiliation>
         <role>
              <roleTerm type="text">committee member</roleTerm>
        </role>
         <description>United States Congressional Member</description>
    </name>
    <name type="personal">
         <namePart>Andy Harris</namePart>
         <affiliation>United States House of Representatives</affiliation>
         <role>
              <roleTerm type="text">committee member</roleTerm>
        </role>
         <description>United States Congressional Member</description>
    </name>
    <name type="personal">
         <namePart>Ashley Hinson</namePart>
         <affiliation>United States House of Representatives</affiliation>
         <role>
              <roleTerm type="text">committee member</roleTerm>
        </role>
         <description>United States Congressional Member</description>
    </name>
    <name type="personal">
         <namePart>David P. Joyce</namePart>
         <affiliation>United States House of Representatives</affiliation>
         <role>
              <roleTerm type="text">committee member</roleTerm>
        </role>
         <description>United States Congressional Member</description>
    </name>
    <name type="personal">
         <namePart>Marcy Kaptur</namePart>
         <affiliation>United States House of Representatives</affiliation>
         <role>
              <roleTerm type="text">committee member</roleTerm>
        </role>
         <description>United States Congressional Member</description>
    </name>
    <name type="personal">
         <namePart>Derek Kilmer</namePart>
         <affiliation>United States House of Representatives</affiliation>
         <role>
              <roleTerm type="text">committee member</roleTerm>
        </role>
         <description>United States Congressional Member</description>
    </name>
    <name type="personal">
         <namePart>Jake LaTurner</namePart>
         <affiliation>United States House of Representatives</affiliation>
         <role>
              <roleTerm type="text">committee member</roleTerm>
        </role>
         <description>United States Congressional Member</description>
    </name>
    <name type="personal">
         <namePart>Barbara Lee</namePart>
         <affiliation>United States House of Representatives</affiliation>
         <role>
              <roleTerm type="text">committee member</roleTerm>
        </role>
         <description>United States Congressional Member</description>
    </name>
    <name type="personal">
         <namePart>Julia Letlow</namePart>
         <affiliation>United States House of Representatives</affiliation>
         <role>
              <roleTerm type="text">committee member</roleTerm>
        </role>
         <description>United States Congressional Member</description>
    </name>
    <name type="personal">
         <namePart>Betty McCollum</namePart>
         <affiliation>United States House of Representatives</affiliation>
         <role>
              <roleTerm type="text">committee member</roleTerm>
        </role>
         <description>United States Congressional Member</description>
    </name>
    <name type="personal">
         <namePart>Grace Meng</namePart>
         <affiliation>United States House of Representatives</affiliation>
         <role>
              <roleTerm type="text">committee member</roleTerm>
        </role>
         <description>United States Congressional Member</description>
    </name>
    <name type="personal">
         <namePart>John R. Moolenaar</namePart>
         <affiliation>United States House of Representatives</affiliation>
         <role>
              <roleTerm type="text">committee member</roleTerm>
        </role>
         <description>United States Congressional Member</description>
    </name>
    <name type="personal">
         <namePart>Dan Newhouse</namePart>
         <affiliation>United States House of Representatives</affiliation>
         <role>
              <roleTerm type="text">committee member</roleTerm>
        </role>
         <description>United States Congressional Member</description>
    </name>
    <name type="personal">
         <namePart>Chellie Pingree</namePart>
         <affiliation>United States House of Representatives</affiliation>
         <role>
              <roleTerm type="text">committee member</roleTerm>
        </role>
         <description>United States Congressional Member</description>
    </name>
    <name type="personal">
         <namePart>Mark Pocan</namePart>
         <affiliation>United States House of Representatives</affiliation>
         <role>
              <roleTerm type="text">committee member</roleTerm>
        </role>
         <description>United States Congressional Member</description>
    </name>
    <name type="personal">
         <namePart>Mike Quigley</namePart>
         <affiliation>United States House of Representatives</affiliation>
         <role>
              <roleTerm type="text">committee member</roleTerm>
        </role>
         <description>United States Congressional Member</description>
    </name>
    <name type="personal">
         <namePart>Harold Rogers</namePart>
         <affiliation>United States House of Representatives</affiliation>
         <role>
              <roleTerm type="text">committee member</roleTerm>
        </role>
         <description>United States Congressional Member</description>
    </name>
    <name type="personal">
         <namePart>John H. Rutherford</namePart>
         <affiliation>United States House of Representatives</affiliation>
         <role>
              <roleTerm type="text">committee member</roleTerm>
        </role>
         <description>United States Congressional Member</description>
    </name>
    <name type="personal">
         <namePart>Guy Reschenthaler</namePart>
         <affiliation>United States House of Representatives</affiliation>
         <role>
              <roleTerm type="text">committee member</roleTerm>
        </role>
         <description>United States Congressional Member</description>
    </name>
    <name type="personal">
         <namePart>Michael K. Simpson</namePart>
         <affiliation>United States House of Representatives</affiliation>
         <role>
              <roleTerm type="text">committee member</roleTerm>
        </role>
         <description>United States Congressional Member</description>
    </name>
    <name type="personal">
         <namePart>Norma J. Torres</namePart>
         <affiliation>United States House of Representatives</affiliation>
         <role>
              <roleTerm type="text">committee member</roleTerm>
        </role>
         <description>United States Congressional Member</description>
    </name>
    <name type="personal">
         <namePart>David G. Valadao</namePart>
         <affiliation>United States House of Representatives</affiliation>
         <role>
              <roleTerm type="text">committee member</roleTerm>
        </role>
         <description>United States Congressional Member</description>
    </name>
    <name type="personal">
         <namePart>Debbie Wasserman Schultz</namePart>
         <affiliation>United States House of Representatives</affiliation>
         <role>
              <roleTerm type="text">committee member</roleTerm>
        </role>
         <description>United States Congressional Member</description>
    </name>
    <name type="personal">
         <namePart>Steve Womack</namePart>
         <affiliation>United States House of Representatives</affiliation>
         <role>
              <roleTerm type="text">committee member</roleTerm>
        </role>
         <description>United States Congressional Member</description>
    </name>
    <name type="personal">
         <namePart>Bonnie Watson Coleman</namePart>
         <affiliation>United States House of Representatives</affiliation>
         <role>
              <roleTerm type="text">committee member</roleTerm>
        </role>
         <description>United States Congressional Member</description>
    </name>
    <name type="personal">
         <namePart>Ryan K. Zinke</namePart>
         <affiliation>United States House of Representatives</affiliation>
         <role>
              <roleTerm type="text">committee member</roleTerm>
        </role>
         <description>United States Congressional Member</description>
    </name>
    <relatedItem type="isReferencedBy">
         <identifier type="Jacket citation"></identifier>
    </relatedItem>
    <relatedItem type="isReferencedBy">
         <titleInfo>
              <title>United States Senate Bill 306 (118th Congress)</title>
        </titleInfo>
         <identifier type="Congressional Bill citation">S. 306</identifier>
         <extension>
              <congress>118</congress>
              <context>BODY</context>
        </extension>
    </relatedItem>
    <relatedItem type="isReferencedBy">
         <titleInfo>
              <title>United States House Bill 4524 (118th Congress)</title>
        </titleInfo>
         <identifier type="Congressional Bill citation">H.R. 4524</identifier>
         <extension>
              <congress>118</congress>
              <context>BODY</context>
        </extension>
    </relatedItem>
    <relatedItem type="isReferencedBy">
         <titleInfo>
              <title>United States Public Law 638 (93rd Congress)</title>
        </titleInfo>
         <identifier type="public law citation">Public Law 93-638</identifier>
         <identifier type="public law citation">Public Law No 93-638</identifier>
    </relatedItem>
    <relatedItem type="isReferencedBy">
         <titleInfo>
              <title>United States Public Law 382 (106th Congress)</title>
        </titleInfo>
         <identifier type="public law citation">Public Law 106-382</identifier>
         <identifier type="public law citation">Public Law No 106-382</identifier>
    </relatedItem>
    <relatedItem type="isReferencedBy">
         <titleInfo>
              <title>United States Public Law 121 (115th Congress)</title>
        </titleInfo>
         <identifier type="public law citation">Public Law 115-121</identifier>
         <identifier type="public law citation">Public Law No 115-121</identifier>
    </relatedItem>
</mods>