<?xml version="1.0" encoding="UTF-8"?><mets xmlns="http://www.loc.gov/METS/" xmlns:utils="xalan://gov.gpo.fdsys.utils" xmlns:datetime="http://exslt.org/dates-and-times" xmlns:xalan="http://xml.apache.org/xalan" xmlns:xsi="http://www.w3.org/2001/XMLSchema-instance" xmlns:xlink="http://www.w3.org/1999/xlink" xsi:schemaLocation="http://www.loc.gov/METS/ http://www.loc.gov/standards/mets/mets.xsd" ID="P0b002ee1cfdceace" LABEL="SECURITY RISK: THE UNPRECEDENTED SURGE IN CHINESE ILLEGAL IMMIGRATION" OBJID="CHRG-118hhrg58651">
<metsHdr CREATEDATE="2025-02-12T17:22:01Z" LASTMODDATE="2025-02-12T17:22:01Z">
<agent ROLE="CREATOR" TYPE="ORGANIZATION">
<name>United States Government Publishing Office</name>
</agent>
</metsHdr>
<dmdSec ID="descriptive-metadata-mods-id-58651">
<mdRef ID="id-58651" MIMETYPE="text/xml" XPTR="/mods/relatedItem[@ID='id-58651']" LOCTYPE="URL" xlink:href="file://mods.xml" MDTYPE="MODS"/>
</dmdSec>
<amdSec>
<digiprovMD ID="provenance-metadata-premis">
<mdRef MIMETYPE="text/xml" LOCTYPE="URL" xlink:href="file://premis.xml" MDTYPE="PREMIS"/>
</digiprovMD>
</amdSec>
<fileSec><fileGrp USE="text/html"><file ID="FID1" MIMETYPE="text/html" SIZE="204820" DMDID="id-58651">
<FLocat LOCTYPE="URL" xlink:href="file://html/CHRG-118hhrg58651.htm"/>
<FLocat LOCTYPE="URL" xlink:href="https://www.govinfo.gov/content/pkg/CHRG-118hhrg58651/html/CHRG-118hhrg58651.htm"/>
</file></fileGrp><fileGrp USE="application/pdf"><file ID="FID2" MIMETYPE="application/pdf" SIZE="12775510" DMDID="id-58651">
<FLocat LOCTYPE="URL" xlink:href="file://pdf/CHRG-118hhrg58651.pdf"/>
<FLocat LOCTYPE="URL" xlink:href="https://www.govinfo.gov/content/pkg/CHRG-118hhrg58651/pdf/CHRG-118hhrg58651.pdf"/>
</file></fileGrp></fileSec>
<structMap>
<div>
<div DMDID="id-58651" ADMID="provenance-metadata-premis">
<fptr FILEID="FID1"/>
</div>
<div DMDID="id-58651" ADMID="provenance-metadata-premis">
<fptr FILEID="FID2"/>
</div>
</div>
</structMap>
</mets>
